-100, 7.128715515136719e-05, 0, -4864
-100, 0.017651796340942383, 0, -4864
-100, 0.02303767204284668, 0, -4864
-100, 0.029423952102661133, -2, -4864
-100, 0.03443646430969238, -8, -4865
-100, 0.04081010818481445, -17, -4865
-100, 0.04593706130981445, -21, -4866
-100, 0.05272817611694336, -36, -4867
-100, 0.05893063545227051, -152, -4869
-100, 0.06421709060668945, -176, -4870
-100, 0.07015061378479004, -247, -4872
-100, 0.0755000114440918, -277, -4873
-100, 0.08154082298278809, -298, -4876
-100, 0.08661198616027832, -346, -4878
-100, 0.09261322021484375, -375, -4881
-100, 0.09886312484741211, -404, -4883
-100, 0.11167049407958984, -485, -4889
-100, 0.11678028106689453, -525, -4893
-100, 0.12284636497497559, -547, -4897
-100, 0.1293473243713379, -570, -4900
-100, 0.13437533378601074, -601, -4903
-100, 0.14035773277282715, -637, -4908
-100, 0.14568424224853516, -670, -4911
-100, 0.1517488956451416, -697, -4915
-100, 0.15868592262268066, -728, -4921
-100, 0.1639845371246338, -748, -4925
-100, 0.16996264457702637, -776, -4929
-100, 0.17530322074890137, -795, -4935
-100, 0.18133783340454102, -823, -4939
-100, 0.18627667427062988, -840, -4943
-100, 0.19237518310546875, -856, -4948
-100, 0.19853425025939941, -883, -4955
-100, 0.20383214950561523, -907, -4961
-100, 0.21166419982910156, -915, -4967
-100, 0.21672320365905762, -934, -4972
-100, 0.22281384468078613, -950, -4978
-100, 0.22935986518859863, -965, -4984
-100, 0.23439288139343262, -980, -4988
-100, 0.24046802520751953, -989, -4996
-100, 0.2456979751586914, -1002, -5000
-100, 0.2518019676208496, -1012, -5007
-100, 0.2587168216705322, -1022, -5015
-100, 0.2639932632446289, -1028, -5019
-100, 0.26995062828063965, -1035, -5025
-100, 0.27530717849731445, -1041, -5031
-100, 0.28156089782714844, -1051, -5037
-100, 0.2866251468658447, -1061, -5044
-100, 0.29262590408325195, -1062, -5051
-100, 0.3094971179962158, -1081, -5068
-100, 0.3228180408477783, -1094, -5085
-100, 0.3354017734527588, -1096, -5096
-100, 0.34479308128356934, -1104, -5109
-100, 0.3569939136505127, -1107, -5123
-100, 0.37188172340393066, -1118, -5136
-100, 0.380993127822876, -1120, -5150
-100, 0.3948500156402588, -1126, -5165
-100, 0.4084455966949463, -1125, -5177
-100, 0.4196655750274658, -1130, -5190
-100, 0.4322340488433838, -1133, -5204
-100, 0.443925142288208, -1135, -5217
-100, 0.454103946685791, -1135, -5229
-100, 0.46016979217529297, -1136, -5235
-100, 0.4666290283203125, -1137, -5245
-100, 0.4726142883300781, -1130, -5251
-100, 0.47873854637145996, -1131, -5258
-100, 0.48401641845703125, -1131, -5263
-100, 0.49500584602355957, -1131, -5279
-100, 0.5144257545471191, -1136, -5297
-100, 0.522362232208252, -1135, -5306
-100, 0.5292918682098389, -1140, -5315
-100, 0.5343444347381592, -1138, -5319
-100, 0.54048752784729, -1140, -5329
-100, 0.5457360744476318, -1138, -5333
-100, 0.5525867938995361, -1140, -5343
-100, 0.5587325096130371, -1137, -5349
-100, 0.5640256404876709, -1136, -5353
-100, 0.5699987411499023, -1135, -5361
-100, 0.5753669738769531, -1139, -5367
-100, 0.5815443992614746, -1139, -5374
-100, 0.5866186618804932, -1138, -5381
-100, 0.5925533771514893, -1140, -5388
-100, 0.598731279373169, -1136, -5395
-100, 0.6048781871795654, -1129, -5401
-100, 0.6110172271728516, -1133, -5408
-100, 0.616140604019165, -1130, -5413
-100, 0.6223387718200684, -1133, -5419
-100, 0.6285357475280762, -1133, -5429
-100, 0.6338675022125244, -1135, -5433
-100, 0.6399667263031006, -1135, -5440
-100, 0.645331859588623, -1132, -5447
-100, 0.6514079570770264, -1130, -5453
-100, 0.6582903861999512, -1134, -5460
-100, 0.6634869575500488, -1132, -5467
-100, 0.6695516109466553, -1130, -5474
-100, 0.6746134757995605, -1133, -5481
-100, 0.6807899475097656, -1133, -5487
-100, 0.6859636306762695, -1134, -5492
-100, 0.6920487880706787, -1135, -5499
-100, 0.6975946426391602, -1136, -5505
-100, 0.7034595012664795, -1131, -5513
-100, 0.7102770805358887, -1133, -5519
-100, 0.715651273727417, -1129, -5526
-100, 0.721717119216919, -1134, -5533
-100, 0.7267639636993408, -1131, -5539
-100, 0.7327256202697754, -1136, -5547
-100, 0.738875150680542, -1136, -5553
-100, 0.7442281246185303, -1137, -5558
-100, 0.7503149509429932, -1134, -5565
-100, 0.7565226554870605, -1137, -5573
-100, 0.7626245021820068, -1130, -5581
-100, 0.7687582969665527, -1134, -5587
-100, 0.7740693092346191, -1135, -5592
-100, 0.7800271511077881, -1135, -5599
-100, 0.7853732109069824, -1132, -5605
-100, 0.7914507389068604, -1134, -5612
-100, 0.796363353729248, -1132, -5617
-100, 0.8024129867553711, -1132, -5623
-100, 0.8096692562103271, -1134, -5633
-100, 0.8147563934326172, -1131, -5639
-100, 0.821019172668457, -1130, -5646
-100, 0.8261644840240479, -1131, -5651
-100, 0.8322947025299072, -1133, -5657
-100, 0.8384478092193604, -1134, -5664
-100, 0.8438646793365479, -1132, -5671
-100, 0.8498499393463135, -1133, -5678
-100, 0.8550267219543457, -1128, -5685
-100, 0.8621034622192383, -1131, -5691
-100, 0.8677031993865967, -1124, -5698
-100, 0.8734695911407471, -1134, -5705
-100, 0.8797030448913574, -1128, -5712
-100, 0.8848049640655518, -1133, -5719
-100, 0.8909709453582764, -1133, -5725
-100, 0.8961052894592285, -1134, -5730
-100, 0.9022097587585449, -1129, -5737
-100, 0.91269850730896, -1131, -5751
-100, 0.9189548492431641, -1133, -5757
-100, 0.9242269992828369, -1134, -5761
-100, 0.9303109645843506, -1131, -5768
-100, 0.9356856346130371, -1131, -5775
-100, 0.9419550895690918, -1131, -5782
-100, 0.9469945430755615, -1127, -5789
-100, 0.9529626369476318, -1128, -5795
-100, 0.9600872993469238, -1127, -5803
-100, 0.9655086994171143, -1129, -5809
-100, 0.9715628623962402, -1131, -5815
-100, 0.9766016006469727, -1132, -5823
-100, 0.9825279712677002, -1124, -5827
-100, 0.9887356758117676, -1126, -5836
-100, 0.9940171241760254, -1127, -5841
-100, 1.0001027584075928, -1125, -5847
-80, 7.081031799316406e-05, 0, -5959
-80, 0.005240440368652344, 0, -5959
-80, 0.011504173278808594, 0, -5959
-80, 0.01751422882080078, 0, -5959
-80, 0.023408174514770508, -4, -5960
-80, 0.02956414222717285, -16, -5961
-80, 0.03483986854553223, -31, -5961
-80, 0.04076361656188965, -30, -5962
-80, 0.04611539840698242, -160, -5963
-80, 0.05217385292053223, -195, -5965
-80, 0.05721020698547363, -253, -5967
-80, 0.06328034400939941, -295, -5969
-80, 0.07061171531677246, -308, -5971
-80, 0.07598471641540527, -322, -5973
-80, 0.08205151557922363, -368, -5975
-80, 0.0869894027709961, -387, -5977
-80, 0.09307408332824707, -419, -5980
-80, 0.09921789169311523, -473, -5984
-80, 0.10963129997253418, -504, -5989
-80, 0.1159050464630127, -526, -5993
-80, 0.12212491035461426, -560, -5997
-80, 0.12716293334960938, -578, -6000
-80, 0.13330435752868652, -598, -6004
-80, 0.13949060440063477, -605, -6007
-80, 0.14481616020202637, -629, -6010
-80, 0.15077972412109375, -649, -6014
-80, 0.15614962577819824, -667, -6018
-80, 0.16224050521850586, -682, -6023
-80, 0.16913247108459473, -692, -6028
-80, 0.17444539070129395, -703, -6031
-80, 0.18042278289794922, -715, -6035
-80, 0.18547272682189941, -731, -6040
-80, 0.19194316864013672, -744, -6045
-80, 0.19824695587158203, -754, -6049
-80, 0.20403599739074707, -753, -6053
-80, 0.21004533767700195, -762, -6058
-80, 0.2150568962097168, -781, -6063
-80, 0.22217011451721191, -788, -6067
-80, 0.2272188663482666, -796, -6073
-80, 0.23317408561706543, -797, -6077
-80, 0.23929095268249512, -798, -6082
-80, 0.24459338188171387, -815, -6085
-80, 0.2506675720214844, -823, -6091
-80, 0.25603461265563965, -830, -6095
-80, 0.26213860511779785, -830, -6101
-80, 0.26911449432373047, -828, -6107
-80, 0.2744321823120117, -839, -6111
-80, 0.2804121971130371, -853, -6116
-80, 0.28544044494628906, -845, -6121
-80, 0.2915771007537842, -851, -6126
-80, 0.2966756820678711, -853, -6129
-80, 0.3028109073638916, -856, -6135
-80, 0.3090662956237793, -866, -6140
-80, 0.3143899440765381, -871, -6145
-80, 0.3213529586791992, -861, -6152
-80, 0.3265047073364258, -868, -6155
-80, 0.3325791358947754, -881, -6161
-80, 0.33760643005371094, -877, -6166
-80, 0.34358811378479004, -879, -6171
-80, 0.35001492500305176, -878, -6177
-80, 0.35501575469970703, -876, -6180
-80, 0.36107611656188965, -884, -6187
-80, 0.36629438400268555, -888, -6191
-80, 0.3943812847137451, -894, -6215
-80, 0.40532350540161133, -896, -6228
-80, 0.41414618492126465, -892, -6233
-80, 0.4202258586883545, -894, -6241
-80, 0.4263436794281006, -895, -6244
-80, 0.4325230121612549, -897, -6249
-80, 0.43755578994750977, -891, -6255
-80, 0.4435131549835205, -902, -6261
-80, 0.4500541687011719, -897, -6265
-80, 0.4551386833190918, -891, -6271
-80, 0.46123552322387695, -897, -6277
-80, 0.46648621559143066, -905, -6280
-80, 0.4732983112335205, -897, -6287
-80, 0.4794881343841553, -892, -6293
-80, 0.48477673530578613, -902, -6297
-80, 0.4908328056335449, -901, -6301
-80, 0.49616169929504395, -905, -6307
-80, 0.506361722946167, -898, -6316
-80, 0.512566328048706, -893, -6321
-80, 0.5175871849060059, -907, -6327
-80, 0.5249385833740234, -904, -6333
-80, 0.5311117172241211, -899, -6339
-80, 0.5363695621490479, -892, -6343
-80, 0.5424442291259766, -903, -6349
-80, 0.5475013256072998, -901, -6354
-80, 0.5535447597503662, -904, -6359
-80, 0.5599722862243652, -903, -6365
-80, 0.5650079250335693, -896, -6369
-80, 0.5710744857788086, -897, -6375
-80, 0.5772287845611572, -902, -6381
-80, 0.583306074142456, -905, -6387
-80, 0.589475154876709, -894, -6392
-80, 0.5947732925415039, -906, -6395
-80, 0.600701093673706, -911, -6401
-80, 0.6061060428619385, -901, -6407
-80, 0.6122965812683105, -897, -6412
-80, 0.6173744201660156, -907, -6417
-80, 0.6245715618133545, -907, -6423
-80, 0.6305756568908691, -907, -6428
-80, 0.6359360218048096, -912, -6433
-80, 0.6420128345489502, -904, -6439
-80, 0.646963357925415, -900, -6443
-80, 0.6530089378356934, -909, -6448
-80, 0.6591587066650391, -914, -6455
-80, 0.664456844329834, -903, -6459
-80, 0.6705403327941895, -898, -6465
-80, 0.6766929626464844, -910, -6470
-80, 0.6828386783599854, -909, -6475
-80, 0.6889832019805908, -904, -6481
-80, 0.6942691802978516, -897, -6486
-80, 0.7002406120300293, -907, -6491
-80, 0.7053287029266357, -901, -6497
-80, 0.7115974426269531, -907, -6503
-80, 0.716742992401123, -913, -6506
-80, 0.7228472232818604, -904, -6511
-80, 0.7300620079040527, -902, -6519
-80, 0.7351729869842529, -912, -6525
-80, 0.7413289546966553, -912, -6530
-80, 0.7464826107025146, -901, -6533
-80, 0.7525804042816162, -905, -6539
-80, 0.7576327323913574, -912, -6545
-80, 0.7636115550994873, -909, -6550
-80, 0.7700202465057373, -912, -6555
-80, 0.7750451564788818, -909, -6561
-80, 0.7820932865142822, -909, -6566
-80, 0.7871108055114746, -911, -6569
-80, 0.7932016849517822, -917, -6577
-80, 0.799292802810669, -912, -6583
-80, 0.804607629776001, -906, -6586
-80, 0.8105742931365967, -911, -6591
-80, 0.8159401416778564, -913, -6597
-80, 0.8220105171203613, -909, -6603
-80, 0.8288662433624268, -906, -6608
-80, 0.8341202735900879, -912, -6613
-80, 0.8402841091156006, -916, -6619
-80, 0.8453614711761475, -912, -6625
-80, 0.8515865802764893, -909, -6630
-80, 0.8567428588867188, -910, -6633
-80, 0.8628313541412354, -910, -6639
-80, 0.8689813613891602, -907, -6645
-80, 0.8743364810943604, -916, -6650
-80, 0.8811159133911133, -910, -6657
-80, 0.8863270282745361, -910, -6661
-80, 0.8924136161804199, -913, -6667
-80, 0.8974447250366211, -919, -6672
-80, 0.9072954654693604, -907, -6681
-80, 0.9134809970855713, -916, -6687
-80, 0.9199931621551514, -912, -6692
-80, 0.9250431060791016, -918, -6696
-80, 0.9322588443756104, -918, -6703
-80, 0.9373266696929932, -916, -6709
-80, 0.9432868957519531, -909, -6714
-80, 0.9494843482971191, -916, -6719
-80, 0.9548354148864746, -915, -6723
-80, 0.9607670307159424, -908, -6729
-80, 0.9661095142364502, -916, -6734
-80, 0.9722962379455566, -919, -6739
-80, 0.9773085117340088, -914, -6745
-80, 0.9845595359802246, -908, -6751
-80, 0.9905176162719727, -909, -6756
-80, 0.9958510398864746, -914, -6761
-80, 1.001889705657959, -909, -6767
-60, 8.273124694824219e-05, 0, -6851
-60, 0.005278587341308594, 0, -6851
-60, 0.011429786682128906, -7, -6851
-60, 0.01753067970275879, -39, -6851
-60, 0.02271747589111328, -8, -6852
-60, 0.0287935733795166, -15, -6853
-60, 0.03492236137390137, -70, -6853
-60, 0.04111957550048828, -151, -6855
-60, 0.04614591598510742, -155, -6856
-60, 0.05208539962768555, -165, -6857
-60, 0.05829000473022461, -187, -6859
-60, 0.0635836124420166, -240, -6860
-60, 0.06952118873596191, -269, -6862
-60, 0.07483506202697754, -291, -6863
-60, 0.08091402053833008, -300, -6865
-60, 0.08778262138366699, -342, -6869
-60, 0.09308815002441406, -387, -6870
-60, 0.1027829647064209, -407, -6874
-60, 0.10894250869750977, -402, -6877
-60, 0.11399292945861816, -412, -6879
-60, 0.12024331092834473, -440, -6882
-60, 0.12536978721618652, -447, -6884
-60, 0.1315755844116211, -466, -6887
-60, 0.1389298439025879, -476, -6891
-60, 0.14401912689208984, -481, -6893
-60, 0.15020060539245605, -493, -6897
-60, 0.15532398223876953, -506, -6899
-60, 0.16151738166809082, -517, -6902
-60, 0.16766881942749023, -535, -6905
-60, 0.17283964157104492, -539, -6909
-60, 0.17893433570861816, -550, -6912
-60, 0.18564200401306152, -546, -6915
-60, 0.1917743682861328, -564, -6919
-60, 0.19791483879089355, -565, -6923
-60, 0.20321106910705566, -585, -6926
-60, 0.2091813087463379, -588, -6929
-60, 0.2145242691040039, -588, -6933
-60, 0.22072672843933105, -600, -6937
-60, 0.2256617546081543, -591, -6939
-60, 0.23169994354248047, -600, -6943
-60, 0.23894405364990234, -609, -6947
-60, 0.24399209022521973, -615, -6951
-60, 0.2501840591430664, -620, -6955
-60, 0.2552933692932129, -629, -6957
-60, 0.26136159896850586, -623, -6961
-60, 0.26692962646484375, -628, -6965
-60, 0.27276062965393066, -628, -6969
-60, 0.2789642810821533, -640, -6973
-60, 0.28402256965637207, -639, -6977
-60, 0.29114842414855957, -651, -6981
-60, 0.29616546630859375, -645, -6985
-60, 0.302121639251709, -639, -6988
-60, 0.3082857131958008, -642, -6992
-60, 0.3135709762573242, -650, -6995
-60, 0.3195474147796631, -656, -6999
-60, 0.32486844062805176, -660, -7003
-60, 0.3309519290924072, -655, -7007
-60, 0.3359825611114502, -655, -7012
-60, 0.34319400787353516, -652, -7015
-60, 0.34917402267456055, -660, -7019
-60, 0.35453152656555176, -662, -7023
-60, 0.3606107234954834, -672, -7027
-60, 0.3655049800872803, -665, -7029
-60, 0.3715987205505371, -665, -7033
-60, 0.37778449058532715, -660, -7039
-60, 0.3846158981323242, -662, -7042
-60, 0.39150476455688477, -674, -7047
-60, 0.3978004455566406, -669, -7052
-60, 0.4030907154083252, -675, -7055
-60, 0.409076452255249, -667, -7059
-60, 0.4142491817474365, -666, -7063
-60, 0.4202897548675537, -665, -7067
-60, 0.4254729747772217, -676, -7069
-60, 0.43157148361206055, -674, -7073
-60, 0.4377734661102295, -678, -7079
-60, 0.4438800811767578, -670, -7083
-60, 0.4500396251678467, -674, -7087
-60, 0.45517730712890625, -670, -7089
-60, 0.4613606929779053, -677, -7093
-60, 0.466951847076416, -680, -7097
-60, 0.4727199077606201, -681, -7101
-60, 0.47873973846435547, -674, -7105
-60, 0.48383164405822754, -669, -7109
-60, 0.4909849166870117, -671, -7114
-60, 0.5009565353393555, -682, -7121
-60, 0.505993127822876, -680, -7125
-60, 0.5120525360107422, -677, -7129
-60, 0.5186641216278076, -671, -7133
-60, 0.5237092971801758, -673, -7137
-60, 0.5300478935241699, -678, -7141
-60, 0.535200834274292, -680, -7143
-60, 0.542017936706543, -681, -7149
-60, 0.5482003688812256, -677, -7153
-60, 0.5535292625427246, -669, -7156
-60, 0.559457540512085, -673, -7160
-60, 0.564800500869751, -675, -7164
-60, 0.5708856582641602, -682, -7168
-60, 0.5758974552154541, -679, -7172
-60, 0.5819752216339111, -682, -7176
-60, 0.5881204605102539, -668, -7180
-60, 0.5945830345153809, -673, -7184
-60, 0.6006402969360352, -675, -7188
-60, 0.6055502891540527, -680, -7191
-60, 0.6116247177124023, -679, -7195
-60, 0.617774486541748, -679, -7199
-60, 0.6230823993682861, -668, -7203
-60, 0.6290438175201416, -670, -7207
-60, 0.6341028213500977, -669, -7211
-60, 0.6406221389770508, -675, -7215
-60, 0.6474854946136475, -680, -7219
-60, 0.6527092456817627, -681, -7223
-60, 0.6589055061340332, -669, -7227
-60, 0.6640045642852783, -670, -7231
-60, 0.6701581478118896, -669, -7235
-60, 0.6753208637237549, -673, -7238
-60, 0.6814079284667969, -677, -7242
-60, 0.6875464916229248, -674, -7246
-60, 0.6936225891113281, -672, -7251
-60, 0.6998093128204346, -667, -7255
-60, 0.7106952667236328, -675, -7263
-60, 0.7156708240509033, -685, -7265
-60, 0.7217819690704346, -673, -7269
-60, 0.7279388904571533, -676, -7275
-60, 0.7332308292388916, -667, -7277
-60, 0.7392411231994629, -670, -7281
-60, 0.7453517913818359, -676, -7285
-60, 0.7515122890472412, -680, -7289
-60, 0.7578208446502686, -677, -7295
-60, 0.7631168365478516, -670, -7297
-60, 0.7690894603729248, -668, -7301
-60, 0.7742326259613037, -667, -7305
-60, 0.7802870273590088, -674, -7309
-60, 0.7854175567626953, -676, -7312
-60, 0.7916240692138672, -679, -7317
-60, 0.7988247871398926, -671, -7322
-60, 0.8038995265960693, -669, -7326
-60, 0.8100967407226562, -671, -7330
-60, 0.8152575492858887, -677, -7333
-60, 0.8214614391326904, -681, -7337
-60, 0.8275952339172363, -679, -7341
-60, 0.8327949047088623, -674, -7345
-60, 0.838860273361206, -672, -7349
-60, 0.8438806533813477, -670, -7353
-60, 0.850954532623291, -676, -7357
-60, 0.8559775352478027, -683, -7361
-60, 0.8619968891143799, -683, -7365
-60, 0.8681316375732422, -675, -7369
-60, 0.8734142780303955, -669, -7372
-60, 0.8794567584991455, -670, -7376
-60, 0.8848147392272949, -674, -7380
-60, 0.8909351825714111, -680, -7384
-60, 0.9014313220977783, -679, -7391
-60, 0.9076993465423584, -674, -7395
-60, 0.9130425453186035, -671, -7399
-60, 0.9192488193511963, -674, -7403
-60, 0.9246683120727539, -678, -7407
-60, 0.9308459758758545, -681, -7411
-60, 0.9359016418457031, -681, -7415
-60, 0.9419949054718018, -673, -7419
-60, 0.9491782188415527, -670, -7423
-60, 0.9545350074768066, -668, -7427
-60, 0.9605860710144043, -677, -7431
-60, 0.9655098915100098, -676, -7434
-60, 0.9716267585754395, -681, -7438
-60, 0.9778006076812744, -671, -7443
-60, 0.9830820560455322, -670, -7446
-60, 0.9890766143798828, -667, -7450
-60, 0.994246244430542, -679, -7454
-60, 1.001436471939087, -676, -7458
-40, 7.128715515136719e-05, 0, -7520
-40, 0.005222320556640625, 0, -7520
-40, 0.01123809814453125, 0, -7520
-40, 0.01733875274658203, -3, -7521
-40, 0.02345132827758789, -3, -7521
-40, 0.029911041259765625, -3, -7521
-40, 0.03485512733459473, -7, -7521
-40, 0.04093337059020996, -83, -7522
-40, 0.04705405235290527, -83, -7523
-40, 0.052342891693115234, -81, -7524
-40, 0.058318376541137695, -107, -7525
-40, 0.06340575218200684, -162, -7526
-40, 0.0700216293334961, -190, -7527
-40, 0.07688164710998535, -195, -7529
-40, 0.08211207389831543, -195, -7530
-40, 0.0881805419921875, -216, -7532
-40, 0.09801983833312988, -232, -7534
-40, 0.10304427146911621, -240, -7535
-40, 0.10925054550170898, -257, -7537
-40, 0.11445260047912598, -267, -7538
-40, 0.12075328826904297, -280, -7540
-40, 0.12803411483764648, -295, -7543
-40, 0.13306021690368652, -295, -7543
-40, 0.13915109634399414, -307, -7546
-40, 0.14437174797058105, -320, -7547
-40, 0.1504347324371338, -329, -7549
-40, 0.15546488761901855, -333, -7551
-40, 0.1614515781402588, -342, -7553
-40, 0.16757965087890625, -345, -7556
-40, 0.17522406578063965, -348, -7559
-40, 0.18117165565490723, -355, -7560
-40, 0.18743515014648438, -359, -7563
-40, 0.1927032470703125, -360, -7565
-40, 0.19869613647460938, -366, -7567
-40, 0.20405054092407227, -369, -7569
-40, 0.21010804176330566, -377, -7571
-40, 0.2150249481201172, -388, -7573
-40, 0.22106647491455078, -390, -7575
-40, 0.2282571792602539, -392, -7579
-40, 0.23330450057983398, -391, -7581
-40, 0.23944330215454102, -384, -7583
-40, 0.2445964813232422, -397, -7585
-40, 0.2507660388946533, -399, -7587
-40, 0.25689053535461426, -395, -7589
-40, 0.2621159553527832, -398, -7592
-40, 0.26817822456359863, -406, -7595
-40, 0.2732236385345459, -405, -7597
-40, 0.2802696228027344, -408, -7599
-40, 0.2852790355682373, -417, -7602
-40, 0.2912631034851074, -414, -7605
-40, 0.2973599433898926, -413, -7607
-40, 0.3026423454284668, -415, -7609
-40, 0.3087038993835449, -412, -7611
-40, 0.3140838146209717, -409, -7613
-40, 0.32013416290283203, -414, -7616
-40, 0.3270137310028076, -417, -7619
-40, 0.33222460746765137, -418, -7621
-40, 0.3383443355560303, -427, -7624
-40, 0.3434138298034668, -427, -7626
-40, 0.349564790725708, -423, -7629
-40, 0.35471105575561523, -426, -7631
-40, 0.36081457138061523, -421, -7633
-40, 0.3670928478240967, -413, -7635
-40, 0.37241339683532715, -422, -7638
-40, 0.37939000129699707, -426, -7641
-40, 0.38451313972473145, -422, -7643
-40, 0.39058899879455566, -435, -7646
-40, 0.3956470489501953, -429, -7648
-40, 0.4034407138824463, -429, -7651
-40, 0.4095778465270996, -431, -7655
-40, 0.41471314430236816, -426, -7656
-40, 0.4208197593688965, -424, -7659
-40, 0.4281485080718994, -428, -7662
-40, 0.4332144260406494, -424, -7665
-40, 0.4404568672180176, -433, -7667
-40, 0.4455099105834961, -437, -7670
-40, 0.45146727561950684, -431, -7673
-40, 0.457658052444458, -433, -7675
-40, 0.46293020248413086, -436, -7677
-40, 0.468888521194458, -426, -7679
-40, 0.4742441177368164, -428, -7682
-40, 0.481097936630249, -429, -7685
-40, 0.4873776435852051, -421, -7688
-40, 0.49634456634521484, -435, -7691
-40, 0.502166748046875, -438, -7694
-40, 0.5084400177001953, -432, -7697
-40, 0.513505220413208, -439, -7699
-40, 0.5199432373046875, -432, -7702
-40, 0.5248622894287109, -428, -7703
-40, 0.5319902896881104, -435, -7707
-40, 0.5381686687469482, -425, -7709
-40, 0.5432255268096924, -426, -7712
-40, 0.5494987964630127, -434, -7715
-40, 0.5546472072601318, -433, -7717
-40, 0.5607006549835205, -437, -7719
-40, 0.5662643909454346, -440, -7721
-40, 0.5716578960418701, -435, -7725
-40, 0.5780723094940186, -434, -7727
-40, 0.5841615200042725, -435, -7729
-40, 0.5902605056762695, -429, -7732
-40, 0.5952866077423096, -431, -7735
-40, 0.6012601852416992, -435, -7737
-40, 0.6074776649475098, -432, -7740
-40, 0.6127769947052002, -439, -7741
-40, 0.6187441349029541, -440, -7744
-40, 0.6240828037261963, -435, -7747
-40, 0.6307373046875, -433, -7749
-40, 0.6363236904144287, -434, -7752
-40, 0.6421687602996826, -431, -7755
-40, 0.6482441425323486, -433, -7757
-40, 0.6532537937164307, -433, -7760
-40, 0.6594078540802002, -428, -7763
-40, 0.6645781993865967, -431, -7764
-40, 0.6707508563995361, -440, -7767
-40, 0.6768777370452881, -433, -7769
-40, 0.6830005645751953, -436, -7772
-40, 0.6889505386352539, -435, -7775
-40, 0.694298267364502, -429, -7777
-40, 0.7014987468719482, -433, -7781
-40, 0.7079145908355713, -434, -7783
-40, 0.7129988670349121, -427, -7785
-40, 0.7189176082611084, -436, -7787
-40, 0.7242615222930908, -439, -7790
-40, 0.7304127216339111, -434, -7793
-40, 0.7373497486114502, -441, -7797
-40, 0.7426421642303467, -435, -7798
-40, 0.7486100196838379, -431, -7801
-40, 0.7539811134338379, -432, -7803
-40, 0.760054349899292, -431, -7806
-40, 0.7649991512298584, -426, -7807
-40, 0.7711739540100098, -434, -7810
-40, 0.777329683303833, -433, -7813
-40, 0.783301830291748, -432, -7816
-40, 0.789614200592041, -439, -7819
-40, 0.7948224544525146, -438, -7821
-40, 0.800898551940918, -430, -7823
-40, 0.8070394992828369, -434, -7825
-40, 0.8123278617858887, -429, -7829
-40, 0.8183348178863525, -427, -7831
-40, 0.8233828544616699, -433, -7833
-40, 0.8295474052429199, -430, -7836
-40, 0.835578203201294, -436, -7839
-40, 0.8415288925170898, -438, -7841
-40, 0.848041296005249, -434, -7844
-40, 0.8530457019805908, -431, -7845
-40, 0.8589882850646973, -434, -7849
-40, 0.8643381595611572, -429, -7851
-40, 0.8703806400299072, -426, -7853
-40, 0.8754334449768066, -434, -7856
-40, 0.8814363479614258, -429, -7859
-40, 0.8885493278503418, -436, -7861
-40, 0.8986477851867676, -436, -7865
-40, 0.9040863513946533, -434, -7868
-40, 0.9103813171386719, -436, -7871
-40, 0.9154202938079834, -430, -7873
-40, 0.9214653968811035, -425, -7876
-40, 0.9276244640350342, -429, -7879
-40, 0.9329423904418945, -431, -7880
-40, 0.9400439262390137, -427, -7883
-40, 0.9449584484100342, -440, -7885
-40, 0.9510257244110107, -437, -7888
-40, 0.9572107791900635, -433, -7891
-40, 0.962522029876709, -435, -7893
-40, 0.9685850143432617, -428, -7896
-40, 0.9739120006561279, -426, -7899
-40, 0.9800076484680176, -429, -7901
-40, 0.984940767288208, -426, -7903
-40, 0.9919960498809814, -426, -7906
-40, 0.9980893135070801, -432, -7909
-40, 1.003159523010254, -437, -7911
-20, 7.176399230957031e-05, 0, -7945
-20, 0.006098508834838867, 0, -7945
-20, 0.03165245056152344, -8, -7945
-20, 0.04299426078796387, -8, -7946
-20, 0.05062150955200195, -99, -7947
-20, 0.056638240814208984, -99, -7947
-20, 0.06182742118835449, -47, -7947
-20, 0.06789660453796387, -75, -7948
-20, 0.07289290428161621, -73, -7949
-20, 0.0788729190826416, -73, -7949
-20, 0.08878016471862793, -117, -7950
-20, 0.09621405601501465, -111, -7951
-20, 0.10156917572021484, -111, -7951
-20, 0.10774517059326172, -107, -7952
-20, 0.11277055740356445, -110, -7953
-20, 0.11881184577941895, -120, -7953
-20, 0.12501764297485352, -126, -7955
-20, 0.13033771514892578, -126, -7955
-20, 0.13632631301879883, -136, -7956
-20, 0.14240717887878418, -138, -7957
-20, 0.14851164817810059, -138, -7957
-20, 0.15474891662597656, -141, -7959
-20, 0.16007542610168457, -145, -7959
-20, 0.16695189476013184, -146, -7961
-20, 0.17210721969604492, -155, -7961
-20, 0.17816734313964844, -157, -7962
-20, 0.1837449073791504, -156, -7963
-20, 0.1894547939300537, -159, -7964
-20, 0.1963357925415039, -158, -7965
-20, 0.2016901969909668, -153, -7966
-20, 0.20774555206298828, -156, -7967
-20, 0.21280932426452637, -165, -7968
-20, 0.21889472007751465, -165, -7969
-20, 0.22504043579101562, -174, -7970
-20, 0.23031210899353027, -173, -7971
-20, 0.236311674118042, -168, -7971
-20, 0.24167156219482422, -162, -7973
-20, 0.24850153923034668, -165, -7973
-20, 0.2546968460083008, -166, -7975
-20, 0.2599678039550781, -177, -7976
-20, 0.2659587860107422, -178, -7977
-20, 0.2713322639465332, -178, -7978
-20, 0.27750325202941895, -177, -7979
-20, 0.28246235847473145, -174, -7979
-20, 0.28850340843200684, -175, -7981
-20, 0.29563045501708984, -180, -7982
-20, 0.3007237911224365, -180, -7983
-20, 0.3068516254425049, -184, -7985
-20, 0.3119699954986572, -185, -7985
-20, 0.3180813789367676, -179, -7986
-20, 0.3230915069580078, -178, -7987
-20, 0.32907557487487793, -176, -7989
-20, 0.3355529308319092, -176, -7989
-20, 0.340590238571167, -180, -7991
-20, 0.3477456569671631, -181, -7991
-20, 0.35280895233154297, -185, -7993
-20, 0.35877251625061035, -181, -7994
-20, 0.364931583404541, -182, -7995
-20, 0.3702080249786377, -177, -7995
-20, 0.3761634826660156, -175, -7997
-20, 0.3815488815307617, -182, -7998
-20, 0.387631893157959, -182, -7999
-20, 0.39267802238464355, -187, -8000
-20, 0.3999795913696289, -184, -8001
-20, 0.40593457221984863, -180, -8002
-20, 0.4110844135284424, -180, -8003
-20, 0.41710519790649414, -184, -8005
-20, 0.4222440719604492, -189, -8005
-20, 0.4283308982849121, -193, -8007
-20, 0.4344913959503174, -191, -8007
-20, 0.4398078918457031, -188, -8009
-20, 0.44575929641723633, -181, -8009
-20, 0.4517855644226074, -181, -8011
-20, 0.4579455852508545, -185, -8012
-20, 0.4630105495452881, -185, -8013
-20, 0.46901917457580566, -186, -8014
-20, 0.47553133964538574, -187, -8015
-20, 0.48055171966552734, -185, -8017
-20, 0.49024462699890137, -182, -8018
-20, 0.4962961673736572, -179, -8019
-20, 0.5022692680358887, -184, -8020
-20, 0.5084521770477295, -188, -8021
-20, 0.51483154296875, -192, -8023
-20, 0.5201232433319092, -185, -8023
-20, 0.5260758399963379, -185, -8025
-20, 0.5314178466796875, -183, -8025
-20, 0.5374660491943359, -182, -8027
-20, 0.5423698425292969, -190, -8027
-20, 0.5495719909667969, -193, -8029
-20, 0.5556538105010986, -196, -8031
-20, 0.5607054233551025, -194, -8031
-20, 0.5668773651123047, -187, -8033
-20, 0.5720009803771973, -184, -8033
-20, 0.5782101154327393, -186, -8035
-20, 0.5837633609771729, -186, -8035
-20, 0.5894241333007812, -192, -8037
-20, 0.5955212116241455, -193, -8038
-20, 0.6016345024108887, -188, -8039
-20, 0.6078393459320068, -181, -8040
-20, 0.6128616333007812, -179, -8041
-20, 0.6188046932220459, -183, -8042
-20, 0.6249465942382812, -183, -8043
-20, 0.6301941871643066, -188, -8044
-20, 0.6362853050231934, -191, -8045
-20, 0.6416289806365967, -188, -8047
-20, 0.6476912498474121, -181, -8047
-20, 0.6546266078948975, -182, -8049
-20, 0.6599299907684326, -186, -8050
-20, 0.6659326553344727, -187, -8051
-20, 0.6711089611053467, -194, -8052
-20, 0.6773538589477539, -196, -8053
-20, 0.6822659969329834, -190, -8054
-20, 0.688331127166748, -190, -8055
-20, 0.694587230682373, -184, -8056
-20, 0.6999123096466064, -187, -8057
-20, 0.706873893737793, -188, -8059
-20, 0.7120361328125, -194, -8059
-20, 0.718116283416748, -194, -8061
-20, 0.7236900329589844, -184, -8062
-20, 0.7290968894958496, -185, -8063
-20, 0.7356464862823486, -181, -8064
-20, 0.7407114505767822, -181, -8065
-20, 0.7468922138214111, -191, -8067
-20, 0.7529704570770264, -194, -8067
-20, 0.7590456008911133, -188, -8069
-20, 0.7654097080230713, -185, -8069
-20, 0.7704498767852783, -183, -8071
-20, 0.7763998508453369, -181, -8071
-20, 0.7817318439483643, -187, -8073
-20, 0.787785530090332, -192, -8074
-20, 0.7928159236907959, -192, -8075
-20, 0.7987730503082275, -194, -8076
-20, 0.8059747219085693, -191, -8077
-20, 0.8111085891723633, -188, -8079
-20, 0.8174855709075928, -190, -8079
-20, 0.8224210739135742, -187, -8081
-20, 0.828488826751709, -193, -8081
-20, 0.8346564769744873, -193, -8083
-20, 0.8399748802185059, -191, -8084
-20, 0.8459289073944092, -189, -8085
-20, 0.8510854244232178, -179, -8086
-20, 0.8581662178039551, -182, -8087
-20, 0.8637440204620361, -186, -8088
-20, 0.8695738315582275, -186, -8089
-20, 0.8757622241973877, -190, -8091
-20, 0.880831241607666, -187, -8091
-20, 0.890697717666626, -181, -8093
-20, 0.8969547748565674, -182, -8095
-20, 0.902090311050415, -191, -8095
-20, 0.9090061187744141, -192, -8097
-20, 0.9155380725860596, -192, -8098
-20, 0.920612096786499, -190, -8099
-20, 0.9266371726989746, -187, -8100
-20, 0.931816816329956, -186, -8101
-20, 0.9380021095275879, -190, -8102
-20, 0.9429998397827148, -192, -8103
-20, 0.9489290714263916, -193, -8105
-20, 0.9560914039611816, -194, -8105
-20, 0.9614734649658203, -188, -8107
-20, 0.9675631523132324, -185, -8107
-20, 0.97249436378479, -182, -8109
-20, 0.9785523414611816, -183, -8109
-20, 0.9846949577331543, -185, -8111
-20, 0.9899857044219971, -191, -8112
-20, 0.996164083480835, -192, -8113
-20, 1.0014989376068115, -190, -8114
0, 7.009506225585938e-05, 0, -8125
0, 0.006299257278442383, 0, -8125
0, 0.013185739517211914, 0, -8125
0, 0.01839756965637207, 0, -8125
0, 0.02591252326965332, 0, -8125
0, 0.03079986572265625, 0, -8125
0, 0.03683900833129883, 0, -8125
0, 0.04235363006591797, 0, -8125
0, 0.04767322540283203, 0, -8125
0, 0.05414938926696777, 0, -8125
0, 0.06020689010620117, 0, -8125
0, 0.06641626358032227, 0, -8125
0, 0.07139825820922852, 0, -8125
0, 0.07728719711303711, 0, -8125
0, 0.08708763122558594, 0, -8125
0, 0.09331011772155762, 0, -8125
0, 0.09852194786071777, 0, -8125
0, 0.1045377254486084, 0, -8125
0, 0.11056303977966309, 0, -8125
0, 0.11658048629760742, 0, -8125
0, 0.12154054641723633, 0, -8125
0, 0.1275315284729004, 0, -8125
0, 0.13361406326293945, 0, -8125
0, 0.1388413906097412, 0, -8125
0, 0.14470267295837402, 0, -8125
0, 0.1507415771484375, 0, -8125
0, 0.15676474571228027, 0, -8125
0, 0.16360211372375488, 0, -8125
0, 0.16882109642028809, 0, -8125
0, 0.17471790313720703, 0, -8125
0, 0.17998003959655762, 0, -8125
0, 0.18610382080078125, 0, -8125
0, 0.19100403785705566, 0, -8125
0, 0.19701194763183594, 0, -8125
0, 0.20317292213439941, 0, -8125
0, 0.20838141441345215, 0, -8125
0, 0.21520543098449707, 0, -8125
0, 0.22036242485046387, 0, -8125
0, 0.22640275955200195, 0, -8125
0, 0.23140382766723633, 0, -8125
0, 0.23729252815246582, 0, -8125
0, 0.24671173095703125, 0, -8125
0, 0.252305269241333, 0, -8125
0, 0.25766587257385254, 0, -8125
0, 0.26477527618408203, 0, -8125
0, 0.27005505561828613, 0, -8125
0, 0.276029109954834, 0, -8125
0, 0.28089046478271484, 0, -8125
0, 0.2869405746459961, 0, -8125
0, 0.2930300235748291, 0, -8125
0, 0.29813313484191895, 0, -8125
0, 0.3042001724243164, 0, -8125
0, 0.30916762351989746, 0, -8125
0, 0.3163449764251709, 0, -8125
0, 0.32132387161254883, 0, -8125
0, 0.3272244930267334, 0, -8125
0, 0.33327436447143555, 0, -8125
0, 0.33852577209472656, 0, -8125
0, 0.3444538116455078, 0, -8125
0, 0.34943056106567383, 0, -8125
0, 0.35549330711364746, 0, -8125
0, 0.3605954647064209, 0, -8125
0, 0.36738133430480957, 0, -8125
0, 0.3734469413757324, 0, -8125
0, 0.37863659858703613, 0, -8125
0, 0.38921189308166504, 0, -8125
0, 0.3952751159667969, 0, -8125
0, 0.4004545211791992, 0, -8125
0, 0.4064488410949707, 0, -8125
0, 0.41137218475341797, 0, -8125
0, 0.4185497760772705, 0, -8125
0, 0.4246232509613037, 0, -8125
0, 0.42989373207092285, 0, -8125
0, 0.43567776679992676, 0, -8125
0, 0.4407980442047119, 0, -8125
0, 0.446958065032959, 0, -8125
0, 0.4530770778656006, 0, -8125
0, 0.4581916332244873, 0, -8125
0, 0.4641540050506592, 0, -8125
0, 0.47020745277404785, 0, -8125
0, 0.47623491287231445, 0, -8125
0, 0.48607707023620605, 0, -8125
0, 0.4909815788269043, 0, -8125
0, 0.4970550537109375, 0, -8125
0, 0.5033161640167236, 0, -8125
0, 0.5085272789001465, 0, -8125
0, 0.5145387649536133, 0, -8125
0, 0.5205981731414795, 0, -8125
0, 0.5265648365020752, 0, -8125
0, 0.5315647125244141, 0, -8125
0, 0.5374372005462646, 0, -8125
0, 0.5436596870422363, 0, -8125
0, 0.5488934516906738, 0, -8125
0, 0.5547547340393066, 0, -8125
0, 0.5600731372833252, 0, -8125
0, 0.5660619735717773, 0, -8125
0, 0.5723297595977783, 0, -8125
0, 0.5780847072601318, 0, -8125
0, 0.5840432643890381, 0, -8125
0, 0.5890235900878906, 0, -8125
0, 0.5949051380157471, 0, -8125
0, 0.6001975536346436, 0, -8125
0, 0.6063051223754883, 0, -8125
0, 0.6112730503082275, 0, -8125
0, 0.6171863079071045, 0, -8125
0, 0.6243312358856201, 0, -8125
0, 0.6292991638183594, 0, -8125
0, 0.6353027820587158, 0, -8125
0, 0.6404376029968262, 0, -8125
0, 0.6464495658874512, 0, -8125
0, 0.6514143943786621, 0, -8125
0, 0.6572768688201904, 0, -8125
0, 0.663503885269165, 0, -8125
0, 0.6694388389587402, 0, -8125
0, 0.6755540370941162, 0, -8125
0, 0.6806235313415527, 0, -8125
0, 0.6866321563720703, 0, -8125
0, 0.6916208267211914, 0, -8125
0, 0.6974887847900391, 0, -8125
0, 0.7039427757263184, 0, -8125
0, 0.7089390754699707, 0, -8125
0, 0.7148139476776123, 0, -8125
0, 0.7208371162414551, 0, -8125
0, 0.7269902229309082, 0, -8125
0, 0.7330996990203857, 0, -8125
0, 0.7382078170776367, 0, -8125
0, 0.7441840171813965, 0, -8125
0, 0.7491641044616699, 0, -8125
0, 0.7551352977752686, 0, -8125
0, 0.760291337966919, 0, -8125
0, 0.766247034072876, 0, -8125
0, 0.7730669975280762, 0, -8125
0, 0.7781550884246826, 0, -8125
0, 0.7842540740966797, 0, -8125
0, 0.7892405986785889, 0, -8125
0, 0.7952206134796143, 0, -8125
0, 0.8003885746002197, 0, -8125
0, 0.8063991069793701, 0, -8125
0, 0.8113992214202881, 0, -8125
0, 0.8173239231109619, 0, -8125
0, 0.8244824409484863, 0, -8125
0, 0.8294699192047119, 0, -8125
0, 0.8356268405914307, 0, -8125
0, 0.8407368659973145, 0, -8125
0, 0.8468608856201172, 0, -8125
0, 0.8529050350189209, 0, -8125
0, 0.8576958179473877, 0, -8125
0, 0.8640131950378418, 0, -8125
0, 0.8690240383148193, 0, -8125
0, 0.8760585784912109, 0, -8125
0, 0.8856496810913086, 0, -8125
0, 0.8907248973846436, 0, -8125
0, 0.8968617916107178, 0, -8125
0, 0.9030957221984863, 0, -8125
0, 0.9083437919616699, 0, -8125
0, 0.9143211841583252, 0, -8125
0, 0.9192745685577393, 0, -8125
0, 0.9263231754302979, 0, -8125
0, 0.9312810897827148, 0, -8125
0, 0.937164306640625, 0, -8125
0, 0.9432170391082764, 0, -8125
0, 0.9484157562255859, 0, -8125
0, 0.9543318748474121, 0, -8125
0, 0.9593026638031006, 0, -8125
0, 0.9655337333679199, 0, -8125
0, 0.970623254776001, 0, -8125
0, 0.9772920608520508, 0, -8125
0, 0.9833412170410156, 0, -8125
0, 0.9885585308074951, 0, -8125
0, 0.9944698810577393, 0, -8125
0, 0.999481201171875, 0, -8125
0, 1.0055749416351318, 0, -8125
20, 0.00017786026000976562, 0, -8125
20, 0.005342245101928711, 0, -8125
20, 0.011375904083251953, 0, -8125
20, 0.016423463821411133, 0, -8125
20, 0.022710561752319336, 0, -8125
20, 0.029692649841308594, 0, -8125
20, 0.03500962257385254, 0, -8125
20, 0.040991783142089844, 3, -8124
20, 0.04603266716003418, 20, -8124
20, 0.051961660385131836, 69, -8123
20, 0.05807900428771973, 69, -8123
20, 0.06333494186401367, 69, -8123
20, 0.07236742973327637, 78, -8122
20, 0.07963347434997559, 84, -8121
20, 0.0849761962890625, 98, -8121
20, 0.09131741523742676, 93, -8120
20, 0.09631466865539551, 95, -8119
20, 0.10233259201049805, 95, -8119
20, 0.10866522789001465, 116, -8117
20, 0.11372971534729004, 119, -8117
20, 0.11967325210571289, 131, -8116
20, 0.12503671646118164, 132, -8115
20, 0.13181209564208984, 135, -8115
20, 0.13902497291564941, 136, -8113
20, 0.14407038688659668, 136, -8113
20, 0.15033221244812012, 142, -8111
20, 0.15545082092285156, 143, -8111
20, 0.161545991897583, 152, -8110
20, 0.16765642166137695, 153, -8109
20, 0.17286157608032227, 158, -8108
20, 0.18096017837524414, 159, -8107
20, 0.1860337257385254, 159, -8106
20, 0.1919867992401123, 159, -8105
20, 0.19810843467712402, 164, -8104
20, 0.20339465141296387, 165, -8103
20, 0.2094883918762207, 172, -8102
20, 0.21489429473876953, 174, -8101
20, 0.2209615707397461, 173, -8100
20, 0.22599458694458008, 173, -8099
20, 0.23553180694580078, 171, -8097
20, 0.24170279502868652, 174, -8097
20, 0.24783825874328613, 177, -8095
20, 0.2531278133392334, 181, -8095
20, 0.2590751647949219, 182, -8093
20, 0.2641434669494629, 182, -8092
20, 0.2703843116760254, 176, -8091
20, 0.2755253314971924, 174, -8091
20, 0.2828376293182373, 171, -8089
20, 0.28886866569519043, 177, -8088
20, 0.2939462661743164, 178, -8087
20, 0.30001235008239746, 183, -8086
20, 0.3052380084991455, 182, -8085
20, 0.3113219738006592, 180, -8084
20, 0.31635475158691406, 179, -8083
20, 0.322314977645874, 177, -8082
20, 0.3287842273712158, 180, -8081
20, 0.33492445945739746, 184, -8079
20, 0.3410060405731201, 184, -8079
20, 0.34603047370910645, 185, -8077
20, 0.35199570655822754, 185, -8077
20, 0.3581089973449707, 183, -8075
20, 0.3633730411529541, 184, -8075
20, 0.3693253993988037, 186, -8073
20, 0.37598729133605957, 192, -8072
20, 0.38315677642822266, 190, -8071
20, 0.3892512321472168, 188, -8069
20, 0.394395112991333, 188, -8069
20, 0.4006788730621338, 182, -8067
20, 0.40559840202331543, 183, -8067
20, 0.4117918014526367, 184, -8065
20, 0.4179410934448242, 186, -8064
20, 0.42325615882873535, 188, -8063
20, 0.42924928665161133, 190, -8062
20, 0.43538546562194824, 186, -8061
20, 0.4414544105529785, 184, -8060
20, 0.44703054428100586, 184, -8059
20, 0.452878475189209, 189, -8057
20, 0.45892953872680664, 193, -8057
20, 0.46399831771850586, 190, -8055
20, 0.4738271236419678, 185, -8054
20, 0.48010969161987305, 183, -8053
20, 0.4861321449279785, 186, -8051
20, 0.49219274520874023, 191, -8050
20, 0.4986603260040283, 193, -8049
20, 0.5037140846252441, 194, -8048
20, 0.5097484588623047, 192, -8047
20, 0.5150706768035889, 184, -8046
20, 0.5211117267608643, 186, -8045
20, 0.5261483192443848, 183, -8044
20, 0.5320954322814941, 188, -8043
20, 0.5393204689025879, 189, -8041
20, 0.5447142124176025, 189, -8041
20, 0.5507574081420898, 187, -8039
20, 0.5556912422180176, 184, -8039
20, 0.5617268085479736, 182, -8037
20, 0.5680303573608398, 185, -8036
20, 0.5733122825622559, 187, -8035
20, 0.579277753829956, 193, -8034
20, 0.5854213237762451, 191, -8033
20, 0.5915305614471436, 185, -8032
20, 0.5976433753967285, 185, -8031
20, 0.6028509140014648, 183, -8029
20, 0.6089169979095459, 187, -8029
20, 0.6139841079711914, 194, -8027
20, 0.620128870010376, 196, -8026
20, 0.6252322196960449, 195, -8025
20, 0.6314535140991211, 189, -8024
20, 0.6384201049804688, 186, -8023
20, 0.6437225341796875, 186, -8022
20, 0.6496837139129639, 187, -8021
20, 0.6550226211547852, 192, -8019
20, 0.6610612869262695, 192, -8019
20, 0.6660785675048828, 189, -8017
20, 0.6721625328063965, 185, -8016
20, 0.6783185005187988, 184, -8015
20, 0.6835966110229492, 187, -8015
20, 0.6908693313598633, 186, -8013
20, 0.6959292888641357, 192, -8011
20, 0.7018823623657227, 193, -8011
20, 0.7080111503601074, 190, -8009
20, 0.7133231163024902, 190, -8009
20, 0.7192988395690918, 183, -8007
20, 0.7246532440185547, 183, -8007
20, 0.7307112216949463, 187, -8005
20, 0.7370302677154541, 195, -8004
20, 0.7427337169647217, 195, -8003
20, 0.7489728927612305, 190, -8002
20, 0.7540357112884521, 189, -8001
20, 0.7601635456085205, 188, -7999
20, 0.7653045654296875, 187, -7999
20, 0.7714018821716309, 190, -7997
20, 0.7764151096343994, 193, -7997
20, 0.7823307514190674, 189, -7995
20, 0.7894961833953857, 184, -7995
20, 0.7948448657989502, 183, -7993
20, 0.801032304763794, 181, -7992
20, 0.8117809295654297, 189, -7990
20, 0.8179483413696289, 188, -7989
20, 0.8232388496398926, 191, -7988
20, 0.8292534351348877, 191, -7987
20, 0.8343954086303711, 181, -7986
20, 0.8413004875183105, 182, -7985
20, 0.8463120460510254, 180, -7983
20, 0.8522682189941406, 180, -7983
20, 0.858694314956665, 190, -7981
20, 0.8637657165527344, 190, -7981
20, 0.8736276626586914, 189, -7979
20, 0.8797483444213867, 185, -7977
20, 0.8850767612457275, 186, -7977
20, 0.8920097351074219, 189, -7975
20, 0.8981928825378418, 191, -7974
20, 0.9034509658813477, 191, -7973
20, 0.9094305038452148, 184, -7972
20, 0.9147946834564209, 184, -7971
20, 0.920851469039917, 183, -7969
20, 0.9258921146392822, 183, -7969
20, 0.9320433139801025, 186, -7967
20, 0.9381489753723145, 192, -7966
20, 0.9442384243011475, 188, -7965
20, 0.9503214359283447, 185, -7964
20, 0.9554500579833984, 182, -7963
20, 0.9615380764007568, 180, -7963
20, 0.9677102565765381, 183, -7961
20, 0.9728960990905762, 186, -7960
20, 0.9789340496063232, 188, -7959
20, 0.9839727878570557, 188, -7958
20, 0.9912567138671875, 188, -7957
20, 0.9962842464447021, 184, -7955
20, 1.0022101402282715, 184, -7955
40, 7.343292236328125e-05, 0, -7943
40, 0.006596088409423828, 0, -7943
40, 0.011621952056884766, 0, -7943
40, 0.01768183708190918, 2, -7943
40, 0.022884607315063477, 2, -7943
40, 0.028928041458129883, 2, -7943
40, 0.03391551971435547, 16, -7942
40, 0.039841413497924805, 84, -7941
40, 0.04703712463378906, 84, -7941
40, 0.052199602127075195, 69, -7939
40, 0.0587003231048584, 107, -7939
40, 0.06823945045471191, 165, -7937
40, 0.07338523864746094, 188, -7936
40, 0.07954287528991699, 192, -7935
40, 0.08588194847106934, 201, -7933
40, 0.09113907814025879, 222, -7932
40, 0.09814763069152832, 241, -7929
40, 0.10328459739685059, 257, -7929
40, 0.1093740463256836, 263, -7927
40, 0.11557292938232422, 270, -7925
40, 0.12079119682312012, 280, -7923
40, 0.12770652770996094, 293, -7921
40, 0.13291335105895996, 295, -7920
40, 0.13898372650146484, 305, -7918
40, 0.14589476585388184, 314, -7915
40, 0.15116310119628906, 320, -7914
40, 0.15714645385742188, 327, -7912
40, 0.16245794296264648, 332, -7910
40, 0.168562650680542, 343, -7908
40, 0.17344927787780762, 349, -7907
40, 0.17962431907653809, 357, -7904
40, 0.1857452392578125, 360, -7901
40, 0.19108080863952637, 364, -7900
40, 0.19800782203674316, 365, -7897
40, 0.20313429832458496, 366, -7895
40, 0.20915913581848145, 370, -7893
40, 0.214186429977417, 373, -7891
40, 0.22711610794067383, 386, -7886
40, 0.23225116729736328, 390, -7884
40, 0.2387547492980957, 390, -7881
40, 0.2438523769378662, 397, -7878
40, 0.2512240409851074, 404, -7877
40, 0.257155179977417, 395, -7874
40, 0.26246118545532227, 398, -7872
40, 0.2685716152191162, 399, -7869
40, 0.27352380752563477, 400, -7868
40, 0.2795865535736084, 397, -7865
40, 0.28572845458984375, 406, -7863
40, 0.2910149097442627, 408, -7861
40, 0.29801392555236816, 407, -7857
40, 0.3031940460205078, 416, -7855
40, 0.3092691898345947, 418, -7853
40, 0.3148365020751953, 411, -7851
40, 0.3202359676361084, 414, -7848
40, 0.32660579681396484, 415, -7845
40, 0.3316309452056885, 410, -7844
40, 0.33756470680236816, 412, -7841
40, 0.34291982650756836, 417, -7839
40, 0.3497803211212158, 415, -7835
40, 0.3560347557067871, 423, -7833
40, 0.36130714416503906, 428, -7831
40, 0.36725378036499023, 425, -7829
40, 0.37258100509643555, 425, -7826
40, 0.37875962257385254, 424, -7823
40, 0.38380956649780273, 418, -7821
40, 0.38976097106933594, 420, -7819
40, 0.39589571952819824, 425, -7816
40, 0.40189623832702637, 420, -7813
40, 0.4080178737640381, 425, -7811
40, 0.4131591320037842, 433, -7809
40, 0.41938114166259766, 425, -7807
40, 0.4254875183105469, 431, -7804
40, 0.4306621551513672, 430, -7801
40, 0.4366633892059326, 425, -7799
40, 0.4417283535003662, 418, -7797
40, 0.4478597640991211, 424, -7794
40, 0.4538290500640869, 420, -7791
40, 0.4597642421722412, 422, -7789
40, 0.4696047306060791, 434, -7785
40, 0.4759395122528076, 430, -7782
40, 0.4812345504760742, 433, -7780
40, 0.48726677894592285, 431, -7777
40, 0.4926180839538574, 423, -7775
40, 0.4987974166870117, 428, -7773
40, 0.5058495998382568, 426, -7769
40, 0.5111229419708252, 422, -7767
40, 0.5170717239379883, 431, -7765
40, 0.5222246646881104, 431, -7762
40, 0.5284707546234131, 429, -7759
40, 0.5333704948425293, 436, -7758
40, 0.5395395755767822, 431, -7755
40, 0.5456628799438477, 427, -7753
40, 0.5517740249633789, 427, -7749
40, 0.5579335689544678, 427, -7747
40, 0.5631070137023926, 424, -7745
40, 0.5691671371459961, 432, -7743
40, 0.5741469860076904, 434, -7739
40, 0.5801007747650146, 427, -7737
40, 0.5864837169647217, 436, -7735
40, 0.5915336608886719, 435, -7733
40, 0.5977077484130859, 426, -7729
40, 0.6038491725921631, 431, -7727
40, 0.6098144054412842, 427, -7724
40, 0.6159012317657471, 426, -7721
40, 0.6211414337158203, 429, -7720
40, 0.6271026134490967, 429, -7717
40, 0.6322159767150879, 430, -7715
40, 0.6386146545410156, 436, -7712
40, 0.6435306072235107, 436, -7711
40, 0.6495747566223145, 433, -7708
40, 0.6569223403930664, 431, -7705
40, 0.6619899272918701, 428, -7702
40, 0.6681487560272217, 425, -7699
40, 0.6732537746429443, 429, -7697
40, 0.6793105602264404, 425, -7695
40, 0.6848738193511963, 431, -7693
40, 0.6905663013458252, 435, -7689
40, 0.6967122554779053, 435, -7687
40, 0.7017719745635986, 437, -7685
40, 0.7089054584503174, 432, -7682
40, 0.7139942646026611, 428, -7679
40, 0.7200560569763184, 424, -7677
40, 0.726494312286377, 427, -7674
40, 0.7315340042114258, 430, -7673
40, 0.7374365329742432, 428, -7670
40, 0.7427628040313721, 435, -7667
40, 0.7488598823547363, 435, -7665
40, 0.7557523250579834, 434, -7661
40, 0.7610421180725098, 434, -7659
40, 0.7671196460723877, 426, -7657
40, 0.7722504138946533, 424, -7655
40, 0.7786333560943604, 429, -7652
40, 0.7835695743560791, 426, -7650
40, 0.7896084785461426, 425, -7647
40, 0.7957391738891602, 433, -7644
40, 0.8025891780853271, 430, -7641
40, 0.809396505355835, 433, -7639
40, 0.815537691116333, 435, -7636
40, 0.8206956386566162, 429, -7634
40, 0.8267507553100586, 429, -7631
40, 0.8318002223968506, 428, -7629
40, 0.8380937576293945, 422, -7626
40, 0.8432400226593018, 425, -7625
40, 0.8492927551269531, 431, -7622
40, 0.8560943603515625, 432, -7619
40, 0.8614447116851807, 434, -7617
40, 0.8713529109954834, 429, -7612
40, 0.8773884773254395, 427, -7609
40, 0.882760763168335, 431, -7607
40, 0.8889403343200684, 422, -7605
40, 0.8939847946166992, 425, -7602
40, 0.9001288414001465, 428, -7599
40, 0.9072549343109131, 424, -7597
40, 0.9126706123352051, 432, -7594
40, 0.9187383651733398, 435, -7591
40, 0.9237630367279053, 433, -7589
40, 0.9297699928283691, 430, -7587
40, 0.9358711242675781, 431, -7584
40, 0.9411702156066895, 427, -7582
40, 0.9471404552459717, 425, -7579
40, 0.9522345066070557, 427, -7577
40, 0.9593617916107178, 424, -7575
40, 0.9654994010925293, 431, -7572
40, 0.970695972442627, 434, -7569
40, 0.9767403602600098, 428, -7567
40, 0.9817841053009033, 435, -7564
40, 0.9879238605499268, 433, -7561
40, 0.9930613040924072, 428, -7560
40, 0.9991278648376465, 422, -7557
40, 1.004155158996582, 426, -7555
60, 0.00010347366333007812, 0, -7523
60, 0.005284547805786133, 0, -7523
60, 0.012232542037963867, 0, -7523
60, 0.017395973205566406, 9, -7522
60, 0.023574352264404297, 23, -7521
60, 0.028629541397094727, 9, -7521
60, 0.034540414810180664, 98, -7520
60, 0.040686607360839844, 133, -7519
60, 0.04594898223876953, 147, -7518
60, 0.055703163146972656, 193, -7516
60, 0.06273245811462402, 233, -7513
60, 0.06785941123962402, 261, -7513
60, 0.0741424560546875, 290, -7511
60, 0.08047890663146973, 301, -7508
60, 0.08574461936950684, 328, -7507
60, 0.09170055389404297, 352, -7504
60, 0.09700155258178711, 366, -7502
60, 0.10308098793029785, 388, -7499
60, 0.10936665534973145, 412, -7496
60, 0.11597132682800293, 431, -7494
60, 0.12191390991210938, 436, -7491
60, 0.1272435188293457, 446, -7489
60, 0.13353681564331055, 463, -7485
60, 0.13857531547546387, 476, -7483
60, 0.14465880393981934, 487, -7479
60, 0.15101194381713867, 495, -7477
60, 0.15604591369628906, 506, -7475
60, 0.16310977935791016, 525, -7470
60, 0.16803789138793945, 528, -7468
60, 0.17410802841186523, 543, -7465
60, 0.1851792335510254, 544, -7458
60, 0.1911921501159668, 555, -7455
60, 0.19623827934265137, 564, -7451
60, 0.20252084732055664, 582, -7447
60, 0.20766830444335938, 582, -7445
60, 0.21456098556518555, 590, -7441
60, 0.22071456909179688, 585, -7437
60, 0.2259664535522461, 596, -7435
60, 0.23190689086914062, 594, -7431
60, 0.2372753620147705, 601, -7427
60, 0.24332118034362793, 612, -7423
60, 0.24833083152770996, 617, -7420
60, 0.2542991638183594, 620, -7416
60, 0.2605574131011963, 615, -7413
60, 0.26673269271850586, 621, -7409
60, 0.27298617362976074, 624, -7405
60, 0.2778947353363037, 634, -7403
60, 0.2840261459350586, 636, -7399
60, 0.29016709327697754, 641, -7395
60, 0.29544687271118164, 637, -7391
60, 0.3014106750488281, 639, -7387
60, 0.30649256706237793, 634, -7383
60, 0.3126492500305176, 647, -7379
60, 0.31865835189819336, 649, -7375
60, 0.3247225284576416, 652, -7371
60, 0.3312201499938965, 651, -7367
60, 0.33629345893859863, 647, -7364
60, 0.34247803688049316, 647, -7360
60, 0.34762048721313477, 654, -7357
60, 0.3537170886993408, 660, -7353
60, 0.35876941680908203, 665, -7349
60, 0.3659532070159912, 659, -7345
60, 0.3719520568847656, 655, -7341
60, 0.37729740142822266, 652, -7337
60, 0.3834536075592041, 659, -7333
60, 0.38851380348205566, 665, -7329
60, 0.3945176601409912, 666, -7325
60, 0.40067601203918457, 668, -7321
60, 0.4059576988220215, 662, -7319
60, 0.41186952590942383, 662, -7315
60, 0.41794514656066895, 662, -7311
60, 0.4240601062774658, 672, -7307
60, 0.43022727966308594, 671, -7303
60, 0.4355158805847168, 672, -7299
60, 0.4417417049407959, 665, -7295
60, 0.4470963478088379, 666, -7291
60, 0.4574778079986572, 671, -7284
60, 0.46380043029785156, 676, -7280
60, 0.4710423946380615, 676, -7275
60, 0.47609519958496094, 671, -7272
60, 0.48223400115966797, 673, -7267
60, 0.48745179176330566, 665, -7264
60, 0.49352169036865234, 676, -7259
60, 0.49852561950683594, 675, -7255
60, 0.5046093463897705, 676, -7251
60, 0.510761022567749, 671, -7247
60, 0.5160403251647949, 674, -7245
60, 0.5230300426483154, 666, -7239
60, 0.5279192924499512, 673, -7237
60, 0.5340445041656494, 679, -7233
60, 0.5401828289031982, 677, -7229
60, 0.5454387664794922, 672, -7225
60, 0.5514175891876221, 670, -7221
60, 0.5564677715301514, 667, -7217
60, 0.5627543926239014, 671, -7213
60, 0.5687310695648193, 682, -7209
60, 0.5746810436248779, 676, -7205
60, 0.5810277462005615, 676, -7201
60, 0.5860819816589355, 672, -7198
60, 0.5922656059265137, 667, -7193
60, 0.5974681377410889, 670, -7189
60, 0.6035230159759521, 678, -7185
60, 0.6085221767425537, 678, -7181
60, 0.6145050525665283, 678, -7177
60, 0.621807336807251, 670, -7173
60, 0.6271255016326904, 672, -7169
60, 0.6331479549407959, 672, -7165
60, 0.6380698680877686, 677, -7163
60, 0.6441495418548584, 678, -7159
60, 0.6502790451049805, 678, -7153
60, 0.6555593013763428, 671, -7151
60, 0.6615035533905029, 668, -7147
60, 0.666532039642334, 668, -7143
60, 0.6735708713531494, 678, -7138
60, 0.6786198616027832, 682, -7134
60, 0.6846659183502197, 679, -7130
60, 0.691033124923706, 677, -7126
60, 0.6960616111755371, 673, -7123
60, 0.7020277976989746, 673, -7119
60, 0.7073655128479004, 677, -7115
60, 0.7134034633636475, 682, -7111
60, 0.7184131145477295, 680, -7107
60, 0.7256660461425781, 683, -7103
60, 0.7316505908966064, 672, -7099
60, 0.7369828224182129, 675, -7095
60, 0.7431237697601318, 677, -7091
60, 0.7480418682098389, 686, -7088
60, 0.754112720489502, 681, -7084
60, 0.7602698802947998, 683, -7079
60, 0.7655632495880127, 674, -7076
60, 0.7724912166595459, 677, -7071
60, 0.7776644229888916, 683, -7067
60, 0.7837960720062256, 684, -7063
60, 0.7893557548522949, 683, -7059
60, 0.7947592735290527, 681, -7055
60, 0.8012785911560059, 675, -7051
60, 0.8063242435455322, 674, -7047
60, 0.8125114440917969, 679, -7043
60, 0.8176777362823486, 685, -7041
60, 0.8245046138763428, 683, -7035
60, 0.830657958984375, 679, -7031
60, 0.8359329700469971, 682, -7028
60, 0.8418407440185547, 671, -7024
60, 0.8471457958221436, 679, -7020
60, 0.8567221164703369, 683, -7013
60, 0.8631980419158936, 684, -7009
60, 0.8681352138519287, 678, -7007
60, 0.8755238056182861, 674, -7001
60, 0.8815774917602539, 679, -6997
60, 0.8866062164306641, 680, -6993
60, 0.8927412033081055, 686, -6989
60, 0.8978941440582275, 681, -6986
60, 0.9039530754089355, 679, -6982
60, 0.9100542068481445, 673, -6978
60, 0.9151980876922607, 674, -6974
60, 0.9213988780975342, 680, -6969
60, 0.9275295734405518, 685, -6965
60, 0.9335782527923584, 681, -6961
60, 0.9386067390441895, 673, -6957
60, 0.9445524215698242, 673, -6953
60, 0.950711727142334, 676, -6949
60, 0.9559664726257324, 684, -6947
60, 0.961876630783081, 681, -6943
60, 0.9672117233276367, 681, -6939
60, 0.9732742309570312, 674, -6935
60, 0.9803962707519531, 677, -6929
60, 0.9856619834899902, 676, -6927
60, 0.9916276931762695, 680, -6922
60, 0.9967586994171143, 681, -6918
60, 1.0029914379119873, 684, -6914
80, 0.00017070770263671875, 0, -6855
80, 0.005341529846191406, 0, -6855
80, 0.0113983154296875, 0, -6855
80, 0.016351699829101562, 0, -6855
80, 0.022690773010253906, 3, -6854
80, 0.029532432556152344, 9, -6853
80, 0.034867286682128906, 9, -6853
80, 0.040889739990234375, 146, -6851
80, 0.0512385368347168, 167, -6849
80, 0.05627751350402832, 221, -6847
80, 0.06230950355529785, 263, -6845
80, 0.06878948211669922, 297, -6843
80, 0.0737912654876709, 319, -6841
80, 0.08103680610656738, 350, -6839
80, 0.08605504035949707, 385, -6837
80, 0.09200644493103027, 418, -6833
80, 0.09916830062866211, 454, -6831
80, 0.10421347618103027, 482, -6827
80, 0.11060953140258789, 504, -6824
80, 0.115509033203125, 524, -6822
80, 0.12159204483032227, 557, -6819
80, 0.12775516510009766, 569, -6814
80, 0.13614630699157715, 600, -6809
80, 0.14209651947021484, 613, -6805
80, 0.14834976196289062, 636, -6801
80, 0.15360403060913086, 654, -6799
80, 0.1595451831817627, 672, -6794
80, 0.16489052772521973, 679, -6790
80, 0.1710505485534668, 689, -6786
80, 0.17863893508911133, 710, -6780
80, 0.18487834930419922, 726, -6775
80, 0.19090008735656738, 736, -6771
80, 0.1959536075592041, 745, -6767
80, 0.20191431045532227, 752, -6762
80, 0.20806288719177246, 761, -6757
80, 0.21335601806640625, 776, -6754
80, 0.21930670738220215, 791, -6749
80, 0.22461605072021484, 792, -6745
80, 0.23146939277648926, 796, -6740
80, 0.23705244064331055, 799, -6735
80, 0.24279022216796875, 809, -6730
80, 0.2487964630126953, 815, -6725
80, 0.25382351875305176, 827, -6720
80, 0.25987792015075684, 827, -6715
80, 0.26506853103637695, 824, -6712
80, 0.2711524963378906, 845, -6707
80, 0.27616381645202637, 851, -6701
80, 0.28350114822387695, 845, -6697
80, 0.2895495891571045, 852, -6691
80, 0.2948780059814453, 851, -6686
80, 0.3009960651397705, 859, -6681
80, 0.3060479164123535, 866, -6675
80, 0.3120436668395996, 863, -6671
80, 0.3181900978088379, 858, -6665
80, 0.32347679138183594, 869, -6661
80, 0.329423189163208, 877, -6657
80, 0.33553504943847656, 874, -6651
80, 0.34162163734436035, 877, -6646
80, 0.347881555557251, 879, -6639
80, 0.35317564010620117, 881, -6635
80, 0.35916781425476074, 886, -6630
80, 0.36421704292297363, 887, -6625
80, 0.3703608512878418, 883, -6619
80, 0.37549901008605957, 884, -6616
80, 0.3816187381744385, 895, -6609
80, 0.3888254165649414, 898, -6603
80, 0.3938925266265869, 892, -6598
80, 0.3999450206756592, 898, -6593
80, 0.4051220417022705, 898, -6589
80, 0.41132354736328125, 899, -6583
80, 0.4163358211517334, 904, -6578
80, 0.42224669456481934, 899, -6573
80, 0.4283936023712158, 897, -6567
80, 0.43469834327697754, 906, -6562
80, 0.44081902503967285, 914, -6556
80, 0.44574403762817383, 907, -6549
80, 0.4561760425567627, 911, -6541
80, 0.4622154235839844, 904, -6536
80, 0.4688377380371094, 914, -6531
80, 0.47388172149658203, 914, -6525
80, 0.4801051616668701, 909, -6520
80, 0.48613667488098145, 909, -6515
80, 0.4921529293060303, 918, -6509
80, 0.49829721450805664, 918, -6503
80, 0.5035736560821533, 910, -6499
80, 0.5095701217651367, 910, -6494
80, 0.5149087905883789, 913, -6489
80, 0.5210011005401611, 914, -6483
80, 0.5260169506072998, 910, -6478
80, 0.5320816040039062, 921, -6472
80, 0.5392999649047852, 920, -6467
80, 0.5445947647094727, 914, -6461
80, 0.5506632328033447, 919, -6456
80, 0.561272144317627, 913, -6447
80, 0.5662968158721924, 916, -6441
80, 0.5722200870513916, 924, -6435
80, 0.5786380767822266, 918, -6430
80, 0.583686351776123, 914, -6427
80, 0.590846061706543, 917, -6419
80, 0.5958716869354248, 924, -6415
80, 0.6018586158752441, 919, -6410
80, 0.6079974174499512, 921, -6403
80, 0.6132948398590088, 921, -6399
80, 0.6192800998687744, 922, -6393
80, 0.6243853569030762, 923, -6388
80, 0.6306235790252686, 926, -6382
80, 0.6355452537536621, 922, -6379
80, 0.64223313331604, 915, -6371
80, 0.6487479209899902, 921, -6365
80, 0.6537411212921143, 929, -6362
80, 0.6596813201904297, 920, -6357
80, 0.6649990081787109, 916, -6351
80, 0.6711523532867432, 922, -6345
80, 0.6761643886566162, 926, -6340
80, 0.6821286678314209, 921, -6334
80, 0.689314603805542, 914, -6329
80, 0.6946675777435303, 926, -6323
80, 0.7007372379302979, 919, -6317
80, 0.7056808471679688, 921, -6314
80, 0.7118914127349854, 927, -6307
80, 0.7180328369140625, 922, -6301
80, 0.7233164310455322, 921, -6297
80, 0.7292819023132324, 921, -6292
80, 0.7343883514404297, 928, -6286
80, 0.7414395809173584, 918, -6281
80, 0.7470183372497559, 918, -6275
80, 0.752708911895752, 928, -6269
80, 0.7588188648223877, 925, -6264
80, 0.7638895511627197, 921, -6259
80, 0.7701621055603027, 921, -6253
80, 0.7753427028656006, 927, -6249
80, 0.7813825607299805, 921, -6244
80, 0.7863936424255371, 918, -6239
80, 0.7936112880706787, 921, -6233
80, 0.7996644973754883, 927, -6227
80, 0.8049924373626709, 925, -6222
80, 0.8110229969024658, 926, -6216
80, 0.8160419464111328, 922, -6211
80, 0.821972131729126, 917, -6205
80, 0.8281922340393066, 919, -6199
80, 0.8335363864898682, 926, -6196
80, 0.8394548892974854, 923, -6191
80, 0.8455297946929932, 921, -6185
80, 0.8549864292144775, 926, -6175
80, 0.8611104488372803, 921, -6170
80, 0.866138219833374, 923, -6165
80, 0.8721599578857422, 921, -6159
80, 0.8786361217498779, 916, -6153
80, 0.8836967945098877, 925, -6149
80, 0.8898434638977051, 926, -6143
80, 0.8960037231445312, 925, -6137
80, 0.9019441604614258, 915, -6131
80, 0.9080700874328613, 923, -6126
80, 0.9133424758911133, 927, -6122
80, 0.9193027019500732, 920, -6117
80, 0.924614667892456, 920, -6111
80, 0.9307980537414551, 926, -6105
80, 0.9357154369354248, 924, -6102
80, 0.9431514739990234, 918, -6095
80, 0.9492392539978027, 913, -6089
80, 0.9543633460998535, 925, -6083
80, 0.9603860378265381, 920, -6078
80, 0.9655091762542725, 925, -6074
80, 0.9716658592224121, 927, -6069
80, 0.9778242111206055, 920, -6063
80, 0.9831147193908691, 915, -6057
80, 0.9891033172607422, 921, -6052
80, 0.9952971935272217, 925, -6047
80, 1.0013296604156494, 920, -6041
100, 7.05718994140625e-05, 0, -5954
100, 0.0051670074462890625, 0, -5954
100, 0.011141777038574219, 3, -5953
100, 0.017435550689697266, 8, -5953
100, 0.022694826126098633, 8, -5953
100, 0.028617382049560547, 78, -5952
100, 0.033975839614868164, 23, -5951
100, 0.044234514236450195, 149, -5949
100, 0.05116009712219238, 173, -5947
100, 0.0574188232421875, 241, -5945
100, 0.06271147727966309, 288, -5944
100, 0.06873798370361328, 305, -5942
100, 0.07406163215637207, 336, -5939
100, 0.08024358749389648, 377, -5937
100, 0.08709406852722168, 422, -5934
100, 0.09240102767944336, 443, -5931
100, 0.09926390647888184, 493, -5927
100, 0.10453677177429199, 513, -5925
100, 0.11060523986816406, 545, -5921
100, 0.1156010627746582, 583, -5917
100, 0.12157201766967773, 604, -5913
100, 0.12767267227172852, 643, -5909
100, 0.13295340538024902, 670, -5907
100, 0.13912057876586914, 689, -5901
100, 0.14432883262634277, 718, -5898
100, 0.15106868743896484, 755, -5893
100, 0.15726280212402344, 784, -5887
100, 0.1625368595123291, 810, -5883
100, 0.16851401329040527, 822, -5879
100, 0.17387890815734863, 847, -5873
100, 0.18323254585266113, 888, -5864
100, 0.18946194648742676, 900, -5859
100, 0.194627046585083, 915, -5855
100, 0.20456600189208984, 957, -5845
100, 0.21554183959960938, 982, -5833
100, 0.2280595302581787, 999, -5821
100, 0.23958277702331543, 1024, -5807
100, 0.2541496753692627, 1044, -5794
100, 0.2636399269104004, 1065, -5781
100, 0.27798962593078613, 1070, -5769
100, 0.2905428409576416, 1088, -5755
100, 0.29962921142578125, 1091, -5742
100, 0.31429600715637207, 1105, -5729
100, 0.3263418674468994, 1110, -5715
100, 0.33803653717041016, 1118, -5702
100, 0.3430602550506592, 1121, -5697
100, 0.3491394519805908, 1119, -5689
100, 0.35434556007385254, 1122, -5684
100, 0.3605358600616455, 1119, -5677
100, 0.36554479598999023, 1124, -5671
100, 0.37151026725769043, 1130, -5664
100, 0.3828706741333008, 1131, -5653
100, 0.39697766304016113, 1135, -5637
100, 0.4050478935241699, 1135, -5627
100, 0.4115316867828369, 1139, -5619
100, 0.41765880584716797, 1141, -5611
100, 0.42298460006713867, 1142, -5607
100, 0.42893004417419434, 1143, -5600
100, 0.43423962593078613, 1142, -5593
100, 0.44556593894958496, 1144, -5579
100, 0.451627254486084, 1147, -5573
100, 0.45807909965515137, 1147, -5566
100, 0.46312546730041504, 1149, -5559
100, 0.4692854881286621, 1148, -5552
100, 0.4745049476623535, 1149, -5547
100, 0.4805562496185303, 1149, -5541
100, 0.48557448387145996, 1150, -5533
100, 0.49277830123901367, 1146, -5527
100, 0.49884605407714844, 1146, -5520
100, 0.5042123794555664, 1147, -5513
100, 0.5102734565734863, 1151, -5506
100, 0.5152742862701416, 1149, -5499
100, 0.521226167678833, 1153, -5492
100, 0.5273909568786621, 1155, -5485
100, 0.532707929611206, 1148, -5481
100, 0.5386450290679932, 1151, -5474
100, 0.5446667671203613, 1148, -5467
100, 0.5524113178253174, 1155, -5457
100, 0.5585222244262695, 1151, -5451
100, 0.5636434555053711, 1150, -5444
100, 0.5698981285095215, 1149, -5437
100, 0.5748045444488525, 1150, -5433
100, 0.5808930397033691, 1152, -5425
100, 0.587087869644165, 1153, -5419
100, 0.5931825637817383, 1153, -5409
100, 0.5992698669433594, 1151, -5403
100, 0.60447096824646, 1151, -5398
100, 0.61053466796875, 1150, -5391
100, 0.6155855655670166, 1149, -5384
100, 0.6216728687286377, 1150, -5377
100, 0.6281006336212158, 1150, -5370
100, 0.6331448554992676, 1151, -5363
100, 0.6391701698303223, 1152, -5357
100, 0.6453211307525635, 1150, -5349
100, 0.6512546539306641, 1150, -5343
100, 0.6573641300201416, 1153, -5335
100, 0.6626396179199219, 1149, -5331
100, 0.6686375141143799, 1149, -5324
100, 0.6740021705627441, 1149, -5317
100, 0.6802124977111816, 1154, -5311
100, 0.685255765914917, 1148, -5303
100, 0.6911940574645996, 1153, -5297
100, 0.6983804702758789, 1149, -5289
100, 0.7034361362457275, 1151, -5283
100, 0.70955491065979, 1151, -5276
100, 0.7147016525268555, 1151, -5271
100, 0.7208211421966553, 1151, -5265
100, 0.7269294261932373, 1148, -5257
100, 0.7321417331695557, 1149, -5251
100, 0.7383060455322266, 1152, -5243
100, 0.7444095611572266, 1155, -5237
100, 0.7506029605865479, 1155, -5230
100, 0.7562129497528076, 1156, -5223
100, 0.7616372108459473, 1156, -5216
100, 0.7680323123931885, 1153, -5209
100, 0.7730824947357178, 1152, -5205
100, 0.7791528701782227, 1150, -5195
100, 0.7843656539916992, 1152, -5191
100, 0.7904396057128906, 1151, -5183
100, 0.7974436283111572, 1155, -5175
100, 0.8027238845825195, 1155, -5169
100, 0.8087084293365479, 1158, -5163
100, 0.8140745162963867, 1156, -5156
100, 0.8201265335083008, 1155, -5149
100, 0.8251636028289795, 1158, -5144
100, 0.8311686515808105, 1153, -5137
100, 0.8373587131500244, 1151, -5128
100, 0.8476758003234863, 1159, -5117
100, 0.8529949188232422, 1160, -5112
100, 0.8592514991760254, 1159, -5103
100, 0.8645143508911133, 1157, -5098
100, 0.8706870079040527, 1157, -5091
100, 0.8762683868408203, 1156, -5084
100, 0.8821051120758057, 1159, -5077
100, 0.8881487846374512, 1154, -5070
100, 0.8932335376739502, 1161, -5063
100, 0.9003369808197021, 1156, -5056
100, 0.9053575992584229, 1159, -5049
100, 0.9113192558288574, 1162, -5042
100, 0.917651891708374, 1161, -5035
100, 0.922935962677002, 1160, -5031
100, 0.9293966293334961, 1160, -5021
100, 0.9345481395721436, 1157, -5017
100, 0.9406373500823975, 1157, -5010
100, 0.9474608898162842, 1160, -5001
100, 0.9527897834777832, 1157, -4995
100, 0.9587438106536865, 1163, -4989
100, 0.9641473293304443, 1167, -4982
100, 0.9701895713806152, 1166, -4975
100, 0.9752554893493652, 1166, -4968
100, 0.9871068000793457, 1165, -4956
100, 0.992401123046875, 1166, -4949
100, 0.9990053176879883, 1167, -4940
100, 1.0043563842773438, 1163, -4935
