100, 0, 135,  1711550394.1808
100, 0, 135,  1711550394.1872
100, 0, 135,  1711550394.1859
-100, 2, 133,  1711550394.1859
-100, 4, 131,  1711550394.1863
-100, 5, 130,  1711550394.1871
100, 5, 130,  1711550394.1871
100, 4, 131,  1711550394.187
100, 4, 131,  1711550394.1861
-100, 6, 129,  1711550394.1863
-100, 7, 128,  1711550394.1871
-100, 8, 127,  1711550394.1861
100, 7, 128,  1711550394.187
100, 6, 129,  1711550394.1858
100, 6, 129,  1711550394.1862
-100, 7, 128,  1711550394.1863
-100, 8, 127,  1711550394.1871
100, 8, 127,  1711550394.1872
100, 8, 127,  1711550394.1869
-100, 9, 126,  1711550394.1858
-100, 10, 125,  1711550394.1863
100, 10, 125,  1711550394.185
100, 9, 126,  1711550394.1854
-100, 10, 125,  1711550394.1827
-100, 11, 124,  1711550394.1858
-100, 12, 123,  1711550394.1862
100, 12, 123,  1711550394.1864
100, 12, 123,  1711550394.1872
100, 12, 123,  1711550394.1872
-100, 13, 122,  1711550394.1869
-100, 14, 121,  1711550394.1859
-100, 15, 120,  1711550394.1861
100, 15, 120,  1711550394.1864
100, 14, 121,  1711550394.1868
100, 14, 121,  1711550394.1865
100, 14, 121,  1711550394.187
-100, 16, 119,  1711550394.1859
-100, 18, 117,  1711550394.1862
-100, 19, 116,  1711550394.1863
-100, 20, 115,  1711550394.1874
100, 19, 116,  1711550394.1867
100, 18, 117,  1711550394.187
100, 18, 117,  1711550394.1856
-100, 19, 116,  1711550394.1863
-100, 20, 115,  1711550394.1871
100, 20, 115,  1711550394.1872
100, 20, 115,  1711550394.1869
100, 20, 115,  1711550394.1862
100, 20, 115,  1711550394.186
-100, 22, 113,  1711550394.1863
-100, 24, 111,  1711550394.1871
-100, 25, 110,  1711550394.1871
100, 25, 110,  1711550394.187
100, 24, 111,  1711550394.1848
-100, 25, 110,  1711550394.1829
-100, 26, 109,  1711550394.1872
100, 26, 109,  1711550394.1871
100, 26, 109,  1711550394.1871
100, 26, 109,  1711550394.1857
-100, 27, 108,  1711550394.186
-100, 28, 107,  1711550394.1863
-100, 30, 105,  1711550394.1871
100, 30, 105,  1711550394.1871
100, 29, 106,  1711550394.1868
-100, 30, 105,  1711550394.186
-100, 31, 104,  1711550394.1861
100, 31, 104,  1711550394.1859
100, 30, 105,  1711550394.1874
-100, 31, 104,  1711550394.1871
-100, 32, 103,  1711550394.1867
100, 32, 103,  1711550394.1862
100, 31, 104,  1711550394.1863
100, 31, 104,  1711550394.1872
-100, 32, 103,  1711550394.1871
-100, 34, 101,  1711550394.1868
100, 34, 101,  1711550394.1855
100, 34, 101,  1711550394.1859
100, 34, 101,  1711550394.1863
-100, 35, 100,  1711550394.1871
-100, 36, 99,  1711550394.1871
-100, 37, 98,  1711550394.187
100, 37, 98,  1711550394.1861
100, 36, 99,  1711550394.1862
100, 36, 99,  1711550394.1864
-100, 37, 98,  1711550394.1871
-100, 38, 97,  1711550394.1871
-100, 39, 96,  1711550394.1868
100, 39, 96,  1711550394.1862
100, 38, 97,  1711550394.1824
100, 38, 97,  1711550394.1864
-100, 39, 96,  1711550394.1871
-100, 40, 95,  1711550394.1871
100, 40, 95,  1711550394.1871
100, 40, 95,  1711550394.1861
-100, 41, 94,  1711550394.186
-100, 42, 93,  1711550394.1863
100, 42, 93,  1711550394.1874
100, 42, 93,  1711550394.1872
-100, 43, 92,  1711550394.1869
-100, 44, 91,  1711550394.1853
100, 44, 91,  1711550394.1844
100, 43, 92,  1711550394.186
100, 43, 92,  1711550394.1872
-100, 44, 91,  1711550394.1871
-100, 45, 90,  1711550394.1846
100, 45, 90,  1711550394.1838
100, 44, 91,  1711550394.1847
100, 44, 91,  1711550394.1849
-100, 45, 90,  1711550394.1863
-100, 46, 89,  1711550394.1849
100, 46, 89,  1711550394.1848
100, 45, 90,  1711550394.185
-100, 46, 89,  1711550394.1871
100, 46, 89,  1711550394.1871
100, 46, 89,  1711550394.1869
-100, 47, 88,  1711550394.1861
-100, 48, 87,  1711550394.1862
100, 48, 87,  1711550394.1863
100, 48, 87,  1711550394.1874
-100, 49, 86,  1711550394.1872
-100, 50, 85,  1711550394.1869
100, 50, 85,  1711550394.1862
100, 49, 86,  1711550394.1829
100, 49, 86,  1711550394.1871
-100, 50, 85,  1711550394.1871
-100, 52, 83,  1711550394.1867
100, 52, 83,  1711550394.1862
100, 52, 83,  1711550394.186
100, 52, 83,  1711550394.1874
-100, 54, 81,  1711550394.1872
-100, 55, 80,  1711550394.1866
-100, 56, 79,  1711550394.1859
100, 56, 79,  1711550394.1871
100, 56, 79,  1711550394.1872
100, 56, 79,  1711550394.1873
-100, 58, 77,  1711550394.1849
-100, 59, 76,  1711550394.186
-100, 60, 75,  1711550394.1871
100, 60, 75,  1711550394.1871
100, 60, 75,  1711550394.1873
100, 60, 75,  1711550394.1845
100, 60, 75,  1711550394.1858
-100, 62, 73,  1711550394.1863
-100, 64, 71,  1711550394.1871
100, 64, 71,  1711550394.1864
-100, 65, 70,  1711550394.187
-100, 66, 69,  1711550394.1859
100, 66, 69,  1711550394.1862
100, 66, 69,  1711550394.1861
100, 66, 69,  1711550394.1872
-100, 67, 68,  1711550394.1871
-100, 68, 67,  1711550394.1869
100, 68, 67,  1711550394.1852
100, 68, 67,  1711550394.1862
100, 68, 67,  1711550394.1861
-100, 70, 65,  1711550394.1867
100, 70, 65,  1711550394.1821
-100, 71, 64,  1711550394.1853
-100, 72, 63,  1711550394.1847
100, 72, 63,  1711550394.1861
100, 72, 63,  1711550394.186
100, 72, 63,  1711550394.1871
-100, 74, 61,  1711550394.1872
-100, 75, 60,  1711550394.1857
-100, 76, 59,  1711550394.1862
100, 76, 59,  1711550394.1863
100, 76, 59,  1711550394.1872
100, 76, 59,  1711550394.1872
-100, 77, 58,  1711550394.1865
-100, 78, 57,  1711550394.1857
-100, 79, 56,  1711550394.1855
100, 78, 57,  1711550394.1872
100, 78, 57,  1711550394.1872
100, 78, 57,  1711550394.1871
100, 78, 57,  1711550394.1858
-100, 80, 55,  1711550394.1853
-100, 82, 53,  1711550394.1862
-100, 83, 52,  1711550394.1864
-100, 84, 51,  1711550394.1874
100, 83, 52,  1711550394.1856
100, 82, 53,  1711550394.1858
-100, 83, 52,  1711550394.1861
-100, 84, 51,  1711550394.1871
100, 84, 51,  1711550394.1871
100, 83, 52,  1711550394.1867
100, 83, 52,  1711550394.186
-100, 84, 51,  1711550394.1862
-100, 86, 49,  1711550394.1859
100, 86, 49,  1711550394.1868
100, 86, 49,  1711550394.1872
100, 86, 49,  1711550394.1826
-100, 88, 47,  1711550394.1858
-100, 90, 45,  1711550394.1859
100, 90, 45,  1711550394.1862
100, 90, 45,  1711550394.1874
-100, 92, 43,  1711550394.1872
-100, 93, 42,  1711550394.1852
100, 93, 42,  1711550394.1854
100, 93, 42,  1711550394.1863
-100, 94, 41,  1711550394.1871
-100, 95, 40,  1711550394.1871
100, 95, 40,  1711550394.1871
100, 94, 41,  1711550394.1861
100, 94, 41,  1711550394.1862
-100, 96, 39,  1711550394.1863
100, 96, 39,  1711550394.1864
-100, 97, 38,  1711550394.1871
-100, 98, 37,  1711550394.1855
100, 98, 37,  1711550394.1859
100, 98, 37,  1711550394.1861
100, 98, 37,  1711550394.1868
-100, 100, 35,  1711550394.1871
-100, 101, 34,  1711550394.1873
-100, 102, 33,  1711550394.1869
100, 101, 34,  1711550394.1862
100, 100, 35,  1711550394.1863
100, 100, 35,  1711550394.1872
100, 100, 35,  1711550394.1872
-100, 102, 33,  1711550394.1867
-100, 104, 31,  1711550394.1858
100, 104, 31,  1711550394.186
100, 104, 31,  1711550394.1864
-100, 105, 30,  1711550394.1867
-100, 106, 29,  1711550394.1871
-100, 107, 28,  1711550394.1823
100, 106, 29,  1711550394.1857
100, 106, 29,  1711550394.186
100, 106, 29,  1711550394.186
100, 106, 29,  1711550394.1871
-100, 108, 27,  1711550394.1871
-100, 109, 26,  1711550394.1869
-100, 110, 25,  1711550394.1852
100, 110, 25,  1711550394.1862
100, 109, 26,  1711550394.1863
-100, 110, 25,  1711550394.1871
100, 110, 25,  1711550394.1872
100, 110, 25,  1711550394.1868
-100, 112, 23,  1711550394.186
100, 112, 23,  1711550394.1862
-100, 113, 22,  1711550394.1863
-100, 114, 21,  1711550394.1871
100, 114, 21,  1711550394.1875
100, 114, 21,  1711550394.187
-100, 115, 20,  1711550394.1862
-100, 116, 19,  1711550394.1863
100, 116, 19,  1711550394.1872
100, 116, 19,  1711550394.1872
100, 116, 19,  1711550394.187
-100, 118, 17,  1711550394.1858
-100, 119, 16,  1711550394.1862
-100, 120, 15,  1711550394.1863
100, 120, 15,  1711550394.1874
100, 119, 16,  1711550394.1872
100, 119, 16,  1711550394.1868
-100, 120, 15,  1711550394.1861
-100, 122, 13,  1711550394.1863
100, 122, 13,  1711550394.1872
100, 122, 13,  1711550394.1863
-100, 123, 12,  1711550394.1821
-100, 124, 11,  1711550394.186
100, 124, 11,  1711550394.1861
100, 124, 11,  1711550394.1863
100, 124, 11,  1711550394.1872
-100, 125, 10,  1711550394.1871
-100, 126, 9,  1711550394.1868
-100, 128, 7,  1711550394.1861
100, 127, 8,  1711550394.1861
100, 126, 9,  1711550394.1871
100, 126, 9,  1711550394.1873
-100, 128, 7,  1711550394.1869
-100, 129, 6,  1711550394.184
-100, 130, 5,  1711550394.1864
100, 130, 5,  1711550394.1871
100, 129, 6,  1711550394.1875
-100, 130, 5,  1711550394.1869
100, 130, 5,  1711550394.1861
-100, 131, 4,  1711550394.1871
-100, 132, 3,  1711550394.1871
100, 132, 3,  1711550394.1873
100, 131, 4,  1711550394.1847
100, 131, 4,  1711550394.1841
-100, 132, 3,  1711550394.1858
100, 132, 3,  1711550394.1859
-100, 133, 2,  1711550394.1843
-100, 134, 1,  1711550394.1848
100, 134, 1,  1711550394.185
100, 134, 1,  1711550394.1872
100, 134, 1,  1711550394.1872
100, 134, 1,  1711550394.1873
-100, 135, 0,  1711550394.1859
-100, 137, -2,  1711550394.1862
-100, 138, -3,  1711550394.1863
100, 138, -3,  1711550394.1872
100, 136, -1,  1711550394.1868
-100, 137, -2,  1711550394.1857
-100, 138, -3,  1711550394.1863
100, 137, -2,  1711550394.1874
100, 136, -1,  1711550394.1872
-100, 137, -2,  1711550394.1869
-100, 138, -3,  1711550394.1818
100, 137, -2,  1711550394.1857
100, 136, -1,  1711550394.1872
100, 136, -1,  1711550394.1872
100, 136, -1,  1711550394.187
-100, 138, -3,  1711550394.1843
-100, 140, -5,  1711550394.1862
-100, 141, -6,  1711550394.1859
100, 141, -6,  1711550394.1871
100, 141, -6,  1711550394.1875
100, 141, -6,  1711550394.1848
-100, 142, -7,  1711550394.1851
-100, 143, -8,  1711550394.1857
-100, 144, -9,  1711550394.1871
100, 144, -9,  1711550394.1865
100, 143, -8,  1711550394.187
100, 143, -8,  1711550394.1861
-100, 144, -9,  1711550394.1861
-100, 145, -10,  1711550394.1858
-100, 146, -11,  1711550394.1871
100, 146, -11,  1711550394.1871
100, 145, -10,  1711550394.1868
-100, 146, -11,  1711550394.1861
-100, 147, -12,  1711550394.186
100, 147, -12,  1711550394.1863
100, 147, -12,  1711550394.1874
100, 147, -12,  1711550394.1871
-100, 148, -13,  1711550394.1852
-100, 150, -15,  1711550394.1855
100, 150, -15,  1711550394.186
100, 150, -15,  1711550394.1864
-100, 151, -16,  1711550394.187
-100, 152, -17,  1711550394.1871
100, 152, -17,  1711550394.1866
100, 152, -17,  1711550394.1862
100, 152, -17,  1711550394.1863
-100, 153, -18,  1711550394.1871
-100, 154, -19,  1711550394.1871
-100, 155, -20,  1711550394.1868
100, 154, -19,  1711550394.1861
100, 154, -19,  1711550394.1862
100, 154, -19,  1711550394.1863
100, 154, -19,  1711550394.1874
-100, 156, -21,  1711550394.1871
-100, 157, -22,  1711550394.1867
-100, 158, -23,  1711550394.1862
100, 158, -23,  1711550394.1853
100, 156, -21,  1711550394.1868
100, 156, -21,  1711550394.1865
-100, 157, -22,  1711550394.1868
-100, 158, -23,  1711550394.1859
100, 158, -23,  1711550394.1861
100, 158, -23,  1711550394.1872
-100, 159, -24,  1711550394.1866
-100, 160, -25,  1711550394.1865
100, 160, -25,  1711550394.1862
100, 160, -25,  1711550394.1863
100, 160, -25,  1711550394.1872
100, 160, -25,  1711550394.1871
-100, 162, -27,  1711550394.1869
-100, 163, -28,  1711550394.1861
-100, 164, -29,  1711550394.1866
100, 164, -29,  1711550394.1871
100, 164, -29,  1711550394.1868
-100, 165, -30,  1711550394.186
-100, 166, -31,  1711550394.1851
100, 166, -31,  1711550394.1861
100, 166, -31,  1711550394.1872
100, 166, -31,  1711550394.1872
-100, 167, -32,  1711550394.187
-100, 169, -34,  1711550394.1854
100, 169, -34,  1711550394.1862
-100, 170, -35,  1711550394.1862
100, 170, -35,  1711550394.1872
100, 170, -35,  1711550394.1871
100, 170, -35,  1711550394.1871
-100, 172, -37,  1711550394.1857
-100, 173, -38,  1711550394.1862
-100, 174, -39,  1711550394.1862
100, 174, -39,  1711550394.1871
100, 174, -39,  1711550394.1875
100, 174, -39,  1711550394.187
-100, 175, -40,  1711550394.1862
-100, 176, -41,  1711550394.1863
-100, 177, -42,  1711550394.1871
100, 177, -42,  1711550394.1871
100, 176, -41,  1711550394.187
-100, 177, -42,  1711550394.1857
-100, 178, -43,  1711550394.1861
100, 178, -43,  1711550394.1864
100, 177, -42,  1711550394.1871
100, 177, -42,  1711550394.1872
-100, 178, -43,  1711550394.1869
100, 178, -43,  1711550394.1859
-100, 179, -44,  1711550394.1859
-100, 180, -45,  1711550394.1871
100, 180, -45,  1711550394.1856
-100, 181, -46,  1711550394.186
100, 181, -46,  1711550394.1863
100, 181, -46,  1711550394.1872
-100, 182, -47,  1711550394.1871
100, 182, -47,  1711550394.187
100, 182, -47,  1711550394.1861
-100, 184, -49,  1711550394.1862
-100, 185, -50,  1711550394.1863
-100, 186, -51,  1711550394.1871
100, 186, -51,  1711550394.1871
100, 186, -51,  1711550394.187
100, 186, -51,  1711550394.1861
100, 186, -51,  1711550394.186
-100, 188, -53,  1711550394.1862
-100, 190, -55,  1711550394.1871
-100, 191, -56,  1711550394.1871
100, 191, -56,  1711550394.1871
100, 191, -56,  1711550394.186
100, 191, -56,  1711550394.1863
-100, 192, -57,  1711550394.1869
-100, 194, -59,  1711550394.1871
100, 194, -59,  1711550394.1872
100, 194, -59,  1711550394.1858
-100, 196, -61,  1711550394.1861
100, 196, -61,  1711550394.1863
-100, 198, -63,  1711550394.1865
100, 198, -63,  1711550394.1871
-100, 199, -64,  1711550394.1867
-100, 200, -65,  1711550394.1858
100, 200, -65,  1711550394.1862
100, 200, -65,  1711550394.1863
100, 200, -65,  1711550394.1832
-100, 201, -66,  1711550394.1872
-100, 202, -67,  1711550394.1857
-100, 203, -68,  1711550394.1861
100, 202, -67,  1711550394.1863
100, 201, -66,  1711550394.1874
100, 201, -66,  1711550394.1872
-100, 202, -67,  1711550394.1868
96.52500000000032, 202, -67,  1711550394.1858
-100, 203, -68,  1711550394.186
-100, 204, -69,  1711550394.1871
66.27500000000032, 204, -69,  1711550394.1871
100, 203, -68,  1711550394.187
69.45000000000039, 203, -68,  1711550394.186
-100, 204, -69,  1711550394.186
-100, 206, -71,  1711550394.1863
28.975000000000477, 206, -71,  1711550394.1869
25.425000000000523, 206, -71,  1711550394.1871
21.87500000000057, 206, -71,  1711550394.1865
18.325000000000614, 206, -71,  1711550394.1857
-100, 208, -73,  1711550394.1863
-8.924999999999386, 208, -73,  1711550394.187
-12.574999999999363, 208, -73,  1711550394.1872
-16.22499999999934, 208, -73,  1711550394.1869
-19.874999999999318, 208, -73,  1711550394.185
-23.524999999999295, 208, -73,  1711550394.1863
-27.174999999999272, 208, -73,  1711550394.187
100, 207, -72,  1711550394.1874
100, 206, -71,  1711550394.1844
-100, 207, -72,  1711550394.1844
-100, 208, -73,  1711550394.1862
-45.22499999999934, 208, -73,  1711550394.1846
-48.87499999999932, 208, -73,  1711550394.1839
100, 207, -72,  1711550394.1844
100, 206, -71,  1711550394.1869
-39.62499999999932, 206, -71,  1711550394.1856
-43.17499999999927, 206, -71,  1711550394.1857
-46.72499999999923, 206, -71,  1711550394.1866
100, 205, -70,  1711550394.1869
100, 204, -69,  1711550394.1868
-37.17499999999927, 204, -69,  1711550394.1862
-40.62499999999932, 204, -69,  1711550394.1863
-44.07499999999936, 204, -69,  1711550394.187
-47.52499999999941, 204, -69,  1711550394.1871
100, 203, -68,  1711550394.1869
100, 202, -67,  1711550394.1862
-37.674999999999386, 202, -67,  1711550394.1862
-41.02499999999941, 202, -67,  1711550394.1871
-44.37499999999943, 202, -67,  1711550394.1871
100, 200, -65,  1711550394.1867
-30.924999999999386, 200, -65,  1711550394.186
-34.174999999999386, 200, -65,  1711550394.1862
100, 199, -64,  1711550394.1864
100, 198, -63,  1711550394.1875
-23.72499999999934, 198, -63,  1711550394.1858
-100, 199, -64,  1711550394.1862
-40.09999999999934, 199, -64,  1711550394.1863
100, 198, -63,  1711550394.1871
-36.42499999999927, 198, -63,  1711550394.187
100, 197, -62,  1711550394.1869
100, 196, -61,  1711550394.1862
-100, 197, -62,  1711550394.1862
-100, 198, -63,  1711550394.1863
-51.97499999999934, 198, -63,  1711550394.1867
100, 197, -62,  1711550394.187
100, 196, -61,  1711550394.1861
-41.22499999999934, 196, -61,  1711550394.186
-44.274999999999295, 196, -61,  1711550394.187
-47.32499999999925, 196, -61,  1711550394.1871
100, 195, -60,  1711550394.1868
100, 194, -59,  1711550394.1863
-36.274999999999295, 194, -59,  1711550394.1871
-100, 195, -60,  1711550394.1871
-52.24999999999932, 195, -60,  1711550394.1867
100, 194, -59,  1711550394.1859
100, 192, -57,  1711550394.1862
-30.97499999999934, 192, -57,  1711550394.1863
-33.82499999999936, 192, -57,  1711550394.1871
-36.674999999999386, 192, -57,  1711550394.1871
100, 189, -54,  1711550394.1871
100, 188, -53,  1711550394.1872
-4.774999999999295, 188, -53,  1711550394.187
-7.424999999999272, 188, -53,  1711550394.1858
-10.07499999999925, 188, -53,  1711550394.1859
-12.724999999999227, 188, -53,  1711550394.1863
-15.374999999999204, 188, -53,  1711550394.1871
100, 187, -52,  1711550394.1871
-10.599999999999227, 187, -52,  1711550394.1869
-13.19999999999925, 187, -52,  1711550394.1861
-15.799999999999272, 187, -52,  1711550394.1863
-18.399999999999295, 187, -52,  1711550394.1871
100, 186, -51,  1711550394.1871
-13.524999999999295, 186, -51,  1711550394.1869
-100, 187, -52,  1711550394.1859
-28.699999999999307, 187, -52,  1711550394.186
100, 186, -51,  1711550394.1853
-23.824999999999307, 186, -51,  1711550394.1871
-26.374999999999318, 186, -51,  1711550394.1871
100, 185, -50,  1711550394.187
100, 184, -49,  1711550394.182
-13.824999999999307, 184, -49,  1711550394.186
-100, 185, -50,  1711550394.1871
-28.79999999999933, 185, -50,  1711550394.1871
100, 184, -49,  1711550394.1861
-23.72499999999934, 184, -49,  1711550394.1858
-26.17499999999933, 184, -49,  1711550394.1859
100, 183, -48,  1711550394.1871
-20.999999999999318, 183, -48,  1711550394.1871
-23.399999999999295, 183, -48,  1711550394.187
-25.799999999999272, 183, -48,  1711550394.1858
-28.19999999999925, 183, -48,  1711550394.1859
-30.599999999999227, 183, -48,  1711550394.1863
-32.999999999999204, 183, -48,  1711550394.1871
100, 182, -47,  1711550394.1871
-27.724999999999227, 182, -47,  1711550394.1869
-30.07499999999925, 182, -47,  1711550394.186
100, 181, -46,  1711550394.1863
100, 180, -45,  1711550394.1874
-16.924999999999216, 180, -45,  1711550394.1871
-100, 182, -47,  1711550394.1867
-41.57499999999925, 182, -47,  1711550394.186
-43.92499999999927, 182, -47,  1711550394.1863
100, 180, -45,  1711550394.1871
-28.474999999999284, 180, -45,  1711550394.1871
100, 179, -44,  1711550394.1867
100, 178, -43,  1711550394.186
-15.024999999999295, 178, -43,  1711550394.1862
-100, 179, -44,  1711550394.1871
-29.399999999999295, 179, -44,  1711550394.1871
100, 178, -43,  1711550394.1864
100, 177, -42,  1711550394.186
-15.79999999999933, 177, -42,  1711550394.1862
-100, 178, -43,  1711550394.1871
100, 177, -42,  1711550394.1872
100, 176, -41,  1711550394.1857
-100, 177, -42,  1711550394.1858
-100, 178, -43,  1711550394.1862
-38.474999999999284, 178, -43,  1711550394.1871
100, 177, -42,  1711550394.1865
100, 176, -41,  1711550394.187
-24.724999999999284, 176, -41,  1711550394.1856
-26.774999999999295, 176, -41,  1711550394.1862
-28.824999999999307, 176, -41,  1711550394.1871
-30.874999999999318, 176, -41,  1711550394.1871
100, 175, -40,  1711550394.1867
100, 174, -39,  1711550394.1857
-16.824999999999307, 174, -39,  1711550394.1862
-100, 175, -40,  1711550394.1867
-30.79999999999933, 175, -40,  1711550394.1872
100, 174, -39,  1711550394.187
-24.72499999999934, 174, -39,  1711550394.1857
-26.67499999999933, 174, -39,  1711550394.1863
100, 173, -38,  1711550394.1871
-20.499999999999318, 173, -38,  1711550394.1871
-22.399999999999295, 173, -38,  1711550394.1867
-24.299999999999272, 173, -38,  1711550394.1856
-26.19999999999925, 173, -38,  1711550394.1862
-28.099999999999227, 173, -38,  1711550394.1871
100, 172, -37,  1711550394.1871
-21.82499999999925, 172, -37,  1711550394.1869
-23.674999999999272, 172, -37,  1711550394.1857
-25.524999999999295, 172, -37,  1711550394.1863
100, 171, -36,  1711550394.1871
100, 170, -35,  1711550394.1872
-10.874999999999261, 170, -35,  1711550394.1861
-100, 171, -36,  1711550394.1858
-24.44999999999925, 171, -36,  1711550394.1824
100, 170, -35,  1711550394.1871
-17.974999999999227, 170, -35,  1711550394.187
-19.724999999999227, 170, -35,  1711550394.1869
100, 169, -34,  1711550394.1854
-13.149999999999238, 169, -34,  1711550394.1861
-14.849999999999227, 169, -34,  1711550394.1858
-16.549999999999216, 169, -34,  1711550394.1871
-18.249999999999204, 169, -34,  1711550394.1871
-19.949999999999193, 169, -34,  1711550394.1865
-21.64999999999918, 169, -34,  1711550394.1858
100, 168, -33,  1711550394.1863
-14.97499999999917, 168, -33,  1711550394.187
-16.624999999999147, 168, -33,  1711550394.1871
-18.274999999999125, 168, -33,  1711550394.1861
-19.924999999999102, 168, -33,  1711550394.1861
-21.57499999999908, 168, -33,  1711550394.1862
-23.224999999999056, 168, -33,  1711550394.1871
-24.874999999999034, 168, -33,  1711550394.1871
-26.52499999999901, 168, -33,  1711550394.1865
-28.174999999998988, 168, -33,  1711550394.1859
-29.824999999998965, 168, -33,  1711550394.1863
-31.474999999998943, 168, -33,  1711550394.1871
-33.12499999999892, 168, -33,  1711550394.1871
100, 167, -32,  1711550394.1868
100, 166, -31,  1711550394.1863
-17.87499999999892, 166, -31,  1711550394.1863
-100, 167, -32,  1711550394.1871
-31.04999999999893, 167, -32,  1711550394.1871
100, 166, -31,  1711550394.1866
-24.17499999999893, 166, -31,  1711550394.186
-100, 167, -32,  1711550394.1862
-37.34999999999894, 167, -32,  1711550394.1871
100, 166, -31,  1711550394.1871
-30.474999999998943, 166, -31,  1711550394.1842
-32.024999999998954, 166, -31,  1711550394.1855
-33.574999999998965, 166, -31,  1711550394.186
-35.12499999999898, 166, -31,  1711550394.1845
100, 165, -30,  1711550394.1849
100, 164, -29,  1711550394.1863
-19.574999999998965, 164, -29,  1711550394.1868
-21.024999999998954, 164, -29,  1711550394.1861
-22.474999999998943, 164, -29,  1711550394.1861
100, 163, -28,  1711550394.1863
100, 162, -27,  1711550394.1872
-100, 163, -28,  1711550394.1871
-100, 164, -29,  1711550394.1869
-29.524999999998954, 164, -29,  1711550394.186
100, 163, -28,  1711550394.1861
100, 162, -27,  1711550394.1863
-13.674999999998988, 162, -27,  1711550394.187
-15.024999999998983, 162, -27,  1711550394.1871
-16.374999999998977, 162, -27,  1711550394.1869
-17.72499999999897, 162, -27,  1711550394.185
-19.074999999998965, 162, -27,  1711550394.1863
100, 161, -26,  1711550394.1874
100, 160, -25,  1711550394.1872
-2.9249999999989598, 160, -25,  1711550394.1858
-100, 162, -27,  1711550394.1861
-25.574999999998965, 162, -27,  1711550394.1862
-26.92499999999896, 162, -27,  1711550394.1871
-28.274999999998954, 162, -27,  1711550394.1871
100, 161, -26,  1711550394.187
100, 160, -25,  1711550394.1862
-12.124999999998948, 160, -25,  1711550394.186
-100, 161, -26,  1711550394.1871
-100, 162, -27,  1711550394.1871
100, 161, -26,  1711550394.186
100, 160, -25,  1711550394.1863
-18.574999999998937, 160, -25,  1711550394.187
-19.824999999998937, 160, -25,  1711550394.1871
-21.074999999998937, 160, -25,  1711550394.1869
100, 159, -24,  1711550394.1862
-13.49999999999892, 159, -24,  1711550394.1862
-100, 160, -25,  1711550394.1865
-25.974999999998914, 160, -25,  1711550394.187
100, 159, -24,  1711550394.1869
100, 158, -23,  1711550394.1861
-9.524999999998926, 158, -23,  1711550394.186
-100, 160, -25,  1711550394.1863
-31.974999999998914, 160, -25,  1711550394.187
-33.224999999998914, 160, -25,  1711550394.1871
100, 158, -23,  1711550394.187
-15.574999999998909, 158, -23,  1711550394.1859
-16.724999999998914, 158, -23,  1711550394.1862
-17.87499999999892, 158, -23,  1711550394.1871
-19.024999999998926, 158, -23,  1711550394.1871
100, 157, -22,  1711550394.1867
100, 156, -21,  1711550394.1862
-100, 157, -22,  1711550394.1863
-100, 158, -23,  1711550394.1873
-24.57499999999891, 158, -23,  1711550394.1863
100, 157, -22,  1711550394.187
100, 156, -21,  1711550394.1862
-100, 157, -22,  1711550394.1863
-100, 158, -23,  1711550394.1871
-30.12499999999889, 158, -23,  1711550394.1871
100, 156, -21,  1711550394.1869
-12.274999999998897, 156, -21,  1711550394.1858
100, 155, -20,  1711550394.1847
-4.299999999998903, 155, -20,  1711550394.1862
-5.299999999998903, 155, -20,  1711550394.1871
-100, 156, -21,  1711550394.1871
-17.37499999999892, 156, -21,  1711550394.1867
-18.42499999999893, 156, -21,  1711550394.185
100, 155, -20,  1711550394.186
-10.449999999998937, 155, -20,  1711550394.1871
-100, 156, -21,  1711550394.1871
-22.524999999998954, 156, -21,  1711550394.187
-23.574999999998965, 156, -21,  1711550394.1857
100, 155, -20,  1711550394.1861
100, 154, -19,  1711550394.1863
-6.524999999998954, 154, -19,  1711550394.1868
-100, 155, -20,  1711550394.1869
-18.49999999999895, 155, -20,  1711550394.1857
100, 154, -19,  1711550394.1863
-10.424999999998931, 154, -19,  1711550394.187
-11.37499999999892, 154, -19,  1711550394.1864
-12.324999999998909, 154, -19,  1711550394.1869
100, 153, -18,  1711550394.186
-4.149999999998926, 153, -18,  1711550394.1862
-100, 154, -19,  1711550394.1871
-16.024999999998926, 154, -19,  1711550394.1871
100, 153, -18,  1711550394.1867
-7.849999999998943, 153, -18,  1711550394.1851
-100, 154, -19,  1711550394.1862
-19.724999999998943, 154, -19,  1711550394.1871
100, 153, -18,  1711550394.1871
-11.54999999999896, 153, -18,  1711550394.186
-12.449999999998965, 153, -18,  1711550394.186
-100, 154, -19,  1711550394.1862
100, 153, -18,  1711550394.1871
-15.199999999998994, 153, -18,  1711550394.1871
-16.099999999999, 153, -18,  1711550394.1865
-100, 154, -19,  1711550394.187
100, 153, -18,  1711550394.1872
-18.849999999999028, 153, -18,  1711550394.1856
-100, 154, -19,  1711550394.1862
-30.724999999999028, 154, -19,  1711550394.1862
100, 153, -18,  1711550394.1871
100, 152, -17,  1711550394.1872
-100, 153, -18,  1711550394.1869
-100, 154, -19,  1711550394.1854
-35.27499999999904, 154, -19,  1711550394.1861
100, 153, -18,  1711550394.1862
100, 152, -17,  1711550394.1871
-17.924999999999045, 152, -17,  1711550394.1871
-18.77499999999904, 152, -17,  1711550394.1867
-19.624999999999034, 152, -17,  1711550394.1861
-20.474999999999028, 152, -17,  1711550394.1863
-21.324999999999022, 152, -17,  1711550394.1871
100, 151, -16,  1711550394.1864
100, 150, -15,  1711550394.1869
-3.6749999999990166, 150, -15,  1711550394.1858
-100, 151, -16,  1711550394.186
-100, 152, -17,  1711550394.1863
-26.124999999999005, 152, -17,  1711550394.1871
100, 151, -16,  1711550394.1871
-17.749999999999005, 151, -16,  1711550394.1867
-18.549999999999017, 151, -16,  1711550394.1857
100, 150, -15,  1711550394.186
-10.074999999999022, 150, -15,  1711550394.1871
-100, 151, -16,  1711550394.1871
-21.64999999999904, 151, -16,  1711550394.1869
100, 150, -15,  1711550394.1857
-13.174999999999045, 150, -15,  1711550394.1861
-13.924999999999045, 150, -15,  1711550394.1863
-14.674999999999045, 150, -15,  1711550394.1871
-15.424999999999045, 150, -15,  1711550394.1871
100, 149, -14,  1711550394.1856
100, 148, -13,  1711550394.186
2.5250000000009436, 148, -13,  1711550394.1862
-100, 149, -14,  1711550394.187
-100, 150, -15,  1711550394.1871
-19.624999999999062, 150, -15,  1711550394.1867
100, 148, -13,  1711550394.1858
-0.9749999999990564, 148, -13,  1711550394.1843
-1.624999999999062, 148, -13,  1711550394.187
100, 147, -12,  1711550394.1872
7.150000000000944, 147, -12,  1711550394.1854
-100, 148, -13,  1711550394.1855
-4.124999999999062, 148, -13,  1711550394.186
-4.774999999999068, 148, -13,  1711550394.1871
-5.4249999999990735, 148, -13,  1711550394.1871
-6.074999999999079, 148, -13,  1711550394.1867
-6.724999999999085, 148, -13,  1711550394.1859
-7.3749999999990905, 148, -13,  1711550394.1861
-8.024999999999096, 148, -13,  1711550394.1871
100, 147, -12,  1711550394.1745
0.7500000000009095, 147, -12,  1711550394.1806
-100, 149, -14,  1711550394.1787
-100, 150, -15,  1711550394.1764
100, 148, -13,  1711550394.1748
100, 144, -9,  1711550394.1787
27.675000000000907, 144, -9,  1711550394.1689
-100, 146, -11,  1711550394.1861
-100, 148, -13,  1711550394.1857
-14.074999999999093, 148, -13,  1711550394.186
-14.724999999999099, 148, -13,  1711550394.1863
-15.374999999999105, 148, -13,  1711550394.1869
-16.02499999999911, 148, -13,  1711550394.1841
100, 147, -12,  1711550394.1838
100, 146, -11,  1711550394.1832
2.2250000000008896, 146, -11,  1711550394.1855
1.6750000000008924, 146, -11,  1711550394.1852
1.1250000000008953, 146, -11,  1711550394.1839
-100, 147, -12,  1711550394.1848
-10.049999999999102, 147, -12,  1711550394.1859
100, 146, -11,  1711550394.1839
-1.1749999999991019, 146, -11,  1711550394.1858
-1.724999999999099, 146, -11,  1711550394.1861
-100, 147, -12,  1711550394.1863
-12.899999999999096, 147, -12,  1711550394.1865
100, 146, -11,  1711550394.1871
-4.024999999999096, 146, -11,  1711550394.1862
-4.574999999999093, 146, -11,  1711550394.1862
-100, 147, -12,  1711550394.1862
-15.74999999999909, 147, -12,  1711550394.1871
100, 146, -11,  1711550394.1871
-6.8749999999990905, 146, -11,  1711550394.1869
-7.424999999999088, 146, -11,  1711550394.1858
-7.974999999999085, 146, -11,  1711550394.1859
-8.524999999999082, 146, -11,  1711550394.1867
-9.07499999999908, 146, -11,  1711550394.187
-9.624999999999076, 146, -11,  1711550394.1872
-10.174999999999073, 146, -11,  1711550394.1861
-10.72499999999907, 146, -11,  1711550394.1862
-11.274999999999068, 146, -11,  1711550394.1826
-11.824999999999065, 146, -11,  1711550394.1611
-12.374999999999062, 146, -11,  1711550394.1711
-12.92499999999906, 146, -11,  1711550394.1755
100, 144, -9,  1711550394.1822
6.125000000000938, 144, -9,  1711550394.1872
5.675000000000935, 144, -9,  1711550394.186
-100, 145, -10,  1711550394.1862
-5.299999999999059, 145, -10,  1711550394.1871
100, 144, -9,  1711550394.1871
3.7750000000009436, 144, -9,  1711550394.1869
3.3250000000009408, 144, -9,  1711550394.1859
-100, 145, -10,  1711550394.1854
-7.649999999999054, 145, -10,  1711550394.1861
100, 144, -9,  1711550394.1863
1.4250000000009493, 144, -9,  1711550394.1871
0.9750000000009464, 144, -9,  1711550394.1872
0.5250000000009436, 144, -9,  1711550394.1856
-100, 145, -10,  1711550394.1861
100, 144, -9,  1711550394.1862
-0.8749999999990479, 144, -9,  1711550394.1871
-1.3249999999990507, 144, -9,  1711550394.1871
-1.7749999999990536, 144, -9,  1711550394.187
-2.2249999999990564, 144, -9,  1711550394.1843
-2.6749999999990592, 144, -9,  1711550394.1863
-3.124999999999062, 144, -9,  1711550394.1871
-3.574999999999065, 144, -9,  1711550394.1871
-4.024999999999068, 144, -9,  1711550394.1869
-4.474999999999071, 144, -9,  1711550394.1857
-4.9249999999990735, 144, -9,  1711550394.1871
-5.374999999999076, 144, -9,  1711550394.1871
-5.824999999999079, 144, -9,  1711550394.1821
-6.274999999999082, 144, -9,  1711550394.1841
-6.724999999999085, 144, -9,  1711550394.1843
-7.174999999999088, 144, -9,  1711550394.181
-7.6249999999990905, 144, -9,  1711550394.1801
-8.074999999999093, 144, -9,  1711550394.1777
-8.524999999999096, 144, -9,  1711550394.1856
-8.974999999999099, 144, -9,  1711550394.1867
-9.424999999999102, 144, -9,  1711550394.1864
-9.874999999999105, 144, -9,  1711550394.1869
-10.324999999999108, 144, -9,  1711550394.1847
-10.77499999999911, 144, -9,  1711550394.1862
-11.224999999999113, 144, -9,  1711550394.1862
-11.674999999999116, 144, -9,  1711550394.1871
-12.124999999999119, 144, -9,  1711550394.1869
-12.574999999999122, 144, -9,  1711550394.1857
-13.024999999999125, 144, -9,  1711550394.1825
-13.474999999999127, 144, -9,  1711550394.1845
-13.92499999999913, 144, -9,  1711550394.1852
-14.374999999999133, 144, -9,  1711550394.1855
-14.824999999999136, 144, -9,  1711550394.1869
-15.274999999999139, 144, -9,  1711550394.1871
-15.724999999999142, 144, -9,  1711550394.1869
-16.174999999999145, 144, -9,  1711550394.1855
-16.624999999999147, 144, -9,  1711550394.1862
-17.07499999999915, 144, -9,  1711550394.1863
-17.524999999999153, 144, -9,  1711550394.1862
-17.974999999999156, 144, -9,  1711550394.1857
100, 143, -8,  1711550394.186
-8.799999999999159, 143, -8,  1711550394.1871
-9.199999999999164, 143, -8,  1711550394.1863
-9.59999999999917, 143, -8,  1711550394.1869
-9.999999999999176, 143, -8,  1711550394.1858
-10.399999999999181, 143, -8,  1711550394.186
-10.799999999999187, 143, -8,  1711550394.1871
-11.199999999999193, 143, -8,  1711550394.1871
-11.599999999999199, 143, -8,  1711550394.1864
-11.999999999999204, 143, -8,  1711550394.1859
-12.39999999999921, 143, -8,  1711550394.1859
-12.799999999999216, 143, -8,  1711550394.1871
-13.199999999999221, 143, -8,  1711550394.1871
-13.599999999999227, 143, -8,  1711550394.187
-13.999999999999233, 143, -8,  1711550394.1861
100, 142, -7,  1711550394.1862
-100, 143, -8,  1711550394.1871
-100, 144, -9,  1711550394.1871
100, 143, -8,  1711550394.1869
-15.999999999999233, 143, -8,  1711550394.1856
-16.39999999999923, 143, -8,  1711550394.1862
-16.79999999999923, 143, -8,  1711550394.1871
-17.19999999999923, 143, -8,  1711550394.1872
-17.599999999999227, 143, -8,  1711550394.1861
100, 142, -7,  1711550394.1861
-8.324999999999228, 142, -7,  1711550394.1862
-8.67499999999923, 142, -7,  1711550394.1871
-9.024999999999231, 142, -7,  1711550394.1871
-9.374999999999233, 142, -7,  1711550394.1866
-9.724999999999234, 142, -7,  1711550394.1861
100, 141, -6,  1711550394.1863
-0.34999999999923403, 141, -6,  1711550394.1871
-100, 142, -7,  1711550394.182
-11.024999999999238, 142, -7,  1711550394.1872
-11.37499999999924, 142, -7,  1711550394.1857
-11.724999999999241, 142, -7,  1711550394.1862
-12.074999999999243, 142, -7,  1711550394.1863
-12.424999999999244, 142, -7,  1711550394.187
-12.774999999999245, 142, -7,  1711550394.1872
-13.124999999999247, 142, -7,  1711550394.1869
-13.474999999999248, 142, -7,  1711550394.1848
100, 141, -6,  1711550394.1861
-4.099999999999248, 141, -6,  1711550394.187
-4.399999999999245, 141, -6,  1711550394.1871
-4.699999999999243, 141, -6,  1711550394.1869
100, 140, -5,  1711550394.1853
-100, 141, -6,  1711550394.1863
-5.549999999999237, 141, -6,  1711550394.1871
100, 140, -5,  1711550394.1871
3.9250000000007645, 140, -5,  1711550394.1869
-100, 141, -6,  1711550394.1859
-6.649999999999231, 141, -6,  1711550394.1861
100, 140, -5,  1711550394.1863
2.8250000000007702, 140, -5,  1711550394.1871
2.5750000000007702, 140, -5,  1711550394.1871
-100, 141, -6,  1711550394.1867
-7.9999999999992255, 141, -6,  1711550394.1861
100, 140, -5,  1711550394.1863
1.475000000000776, 140, -5,  1711550394.1871
1.225000000000776, 140, -5,  1711550394.1871
0.9750000000007759, 140, -5,  1711550394.1869
0.7250000000007759, 140, -5,  1711550394.1861
100, 139, -4,  1711550394.1858
-100, 140, -5,  1711550394.1871
0.02500000000077307, 140, -5,  1711550394.1871
-0.22499999999922693, 140, -5,  1711550394.1868
100, 139, -4,  1711550394.1871
9.350000000000769, 139, -4,  1711550394.187
-100, 140, -5,  1711550394.1868
-1.1249999999992326, 140, -5,  1711550394.186
-100, 141, -6,  1711550394.1861
100, 140, -5,  1711550394.1863
-1.9249999999992298, 140, -5,  1711550394.187
-2.1749999999992298, 140, -5,  1711550394.1871
-100, 141, -6,  1711550394.1869
-12.749999999999226, 141, -6,  1711550394.1858
100, 140, -5,  1711550394.186
-3.274999999999224, 140, -5,  1711550394.1863
-3.524999999999224, 140, -5,  1711550394.1857
-3.774999999999224, 140, -5,  1711550394.1838
100, 139, -4,  1711550394.1845
-100, 140, -5,  1711550394.1844
-4.474999999999227, 140, -5,  1711550394.1856
-4.724999999999227, 140, -5,  1711550394.1839
100, 139, -4,  1711550394.1845
4.850000000000769, 139, -4,  1711550394.1843
-100, 140, -5,  1711550394.1868
-5.624999999999233, 140, -5,  1711550394.1871
-5.874999999999233, 140, -5,  1711550394.1872
-6.124999999999233, 140, -5,  1711550394.1859
100, 139, -4,  1711550394.1861
3.450000000000763, 139, -4,  1711550394.1863
-100, 140, -5,  1711550394.1871
-7.024999999999238, 140, -5,  1711550394.1871
-7.274999999999238, 140, -5,  1711550394.1863
100, 139, -4,  1711550394.1859
100, 138, -3,  1711550394.1856
-100, 139, -4,  1711550394.1871
-100, 140, -5,  1711550394.1833
-8.324999999999235, 140, -5,  1711550394.1818
100, 139, -4,  1711550394.1857
100, 138, -3,  1711550394.186
-100, 139, -4,  1711550394.1863
0.900000000000766, 139, -4,  1711550394.1871
0.7000000000007631, 139, -4,  1711550394.1871
0.5000000000007603, 139, -4,  1711550394.1862
-100, 140, -5,  1711550394.186
100, 139, -4,  1711550394.1863
-0.1499999999992454, 139, -4,  1711550394.1867
-100, 140, -5,  1711550394.187
-10.624999999999247, 140, -5,  1711550394.1857
100, 139, -4,  1711550394.1862
100, 138, -3,  1711550394.1863
-100, 139, -4,  1711550394.1871
-100, 140, -5,  1711550394.1871
-11.674999999999244, 140, -5,  1711550394.1859
100, 139, -4,  1711550394.1857
100, 138, -3,  1711550394.1857
7.775000000000759, 138, -3,  1711550394.1871
-100, 139, -4,  1711550394.1871
-2.599999999999241, 139, -4,  1711550394.1865
100, 138, -3,  1711550394.1862
7.075000000000763, 138, -3,  1711550394.1848
6.9250000000007645, 138, -3,  1711550394.1871
6.775000000000766, 138, -3,  1711550394.1871
-100, 139, -4,  1711550394.1863
100, 138, -3,  1711550394.1862
6.275000000000773, 138, -3,  1711550394.1863
6.1250000000007745, 138, -3,  1711550394.1871
5.975000000000776, 138, -3,  1711550394.1871
5.825000000000777, 138, -3,  1711550394.187
-100, 139, -4,  1711550394.186
100, 138, -3,  1711550394.1863
5.325000000000784, 138, -3,  1711550394.1872
5.175000000000786, 138, -3,  1711550394.1857
5.025000000000787, 138, -3,  1711550394.185
-100, 139, -4,  1711550394.186
100, 138, -3,  1711550394.1871
4.525000000000794, 138, -3,  1711550394.1871
4.375000000000796, 138, -3,  1711550394.1865
4.225000000000797, 138, -3,  1711550394.1859
4.075000000000799, 138, -3,  1711550394.186
3.9250000000008, 138, -3,  1711550394.1871
3.7750000000008015, 138, -3,  1711550394.1871
3.625000000000803, 138, -3,  1711550394.1869
3.4750000000008043, 138, -3,  1711550394.1859
3.3250000000008058, 138, -3,  1711550394.1861
3.175000000000807, 138, -3,  1711550394.186
3.0250000000008086, 138, -3,  1711550394.1871
2.87500000000081, 138, -3,  1711550394.1872
2.7250000000008114, 138, -3,  1711550394.1867
2.575000000000813, 138, -3,  1711550394.1861
2.4250000000008143, 138, -3,  1711550394.1863
2.2750000000008157, 138, -3,  1711550394.1871
2.125000000000817, 138, -3,  1711550394.1865
1.9750000000008185, 138, -3,  1711550394.1866
1.82500000000082, 138, -3,  1711550394.1861
1.6750000000008214, 138, -3,  1711550394.1863
1.5250000000008228, 138, -3,  1711550394.1872
1.3750000000008242, 138, -3,  1711550394.1871
1.2250000000008257, 138, -3,  1711550394.187
1.075000000000827, 138, -3,  1711550394.1861
0.9250000000008285, 138, -3,  1711550394.1863
0.7750000000008299, 138, -3,  1711550394.1871
0.6250000000008313, 138, -3,  1711550394.1872
0.47500000000083276, 138, -3,  1711550394.1862
0.3250000000008342, 138, -3,  1711550394.182
0.1750000000008356, 138, -3,  1711550394.1856
0.02500000000083702, 138, -3,  1711550394.1871
-0.12499999999916156, 138, -3,  1711550394.1865
-0.27499999999916014, 138, -3,  1711550394.1863
-0.4249999999991587, 138, -3,  1711550394.186
-0.5749999999991573, 138, -3,  1711550394.186
-0.7249999999991559, 138, -3,  1711550394.1866
-0.8749999999991545, 138, -3,  1711550394.1872
-1.024999999999153, 138, -3,  1711550394.1867
-1.1749999999991516, 138, -3,  1711550394.1861
-1.3249999999991502, 138, -3,  1711550394.1863
-1.4749999999991488, 138, -3,  1711550394.1871
-1.6249999999991473, 138, -3,  1711550394.1874
-1.774999999999146, 138, -3,  1711550394.1869
-1.9249999999991445, 138, -3,  1711550394.1862
-2.074999999999143, 138, -3,  1711550394.1863
-2.2249999999991417, 138, -3,  1711550394.1871
-2.3749999999991402, 138, -3,  1711550394.1874
-2.524999999999139, 138, -3,  1711550394.187
-2.6749999999991374, 138, -3,  1711550394.1862
-2.824999999999136, 138, -3,  1711550394.1863
-2.9749999999991346, 138, -3,  1711550394.1871
-3.124999999999133, 138, -3,  1711550394.1872
-3.2749999999991317, 138, -3,  1711550394.1856
-3.4249999999991303, 138, -3,  1711550394.1859
-3.574999999999129, 138, -3,  1711550394.186
-3.7249999999991275, 138, -3,  1711550394.1871
-3.874999999999126, 138, -3,  1711550394.1871
-4.024999999999125, 138, -3,  1711550394.1869
-4.174999999999123, 138, -3,  1711550394.1859
-4.324999999999122, 138, -3,  1711550394.1857
-4.47499999999912, 138, -3,  1711550394.1863
-4.624999999999119, 138, -3,  1711550394.1866
-4.7749999999991175, 138, -3,  1711550394.1846
-4.924999999999116, 138, -3,  1711550394.1858
-5.074999999999115, 138, -3,  1711550394.1859
-5.224999999999113, 138, -3,  1711550394.1863
-100, 139, -4,  1711550394.1871
-15.599999999999113, 139, -4,  1711550394.1871
-15.799999999999113, 139, -4,  1711550394.187
-15.999999999999112, 139, -4,  1711550394.1859
-16.19999999999911, 139, -4,  1711550394.1863
-16.39999999999911, 139, -4,  1711550394.1871
-16.59999999999911, 139, -4,  1711550394.1867
-16.79999999999911, 139, -4,  1711550394.1868
