40.5	0	135	  0.0048
40.5	0	135	  0.0171
40.5	0	135	  0.0268
40.5	0	135	  0.0317
40.5	0	135	  0.0374
40.199999999999996	1	134	  0.0423
39.9	2	133	  0.0482
39.6	3	132	  0.059
38.699999999999996	6	129	  0.0679
38.1	8	127	  0.0801
37.5	10	125	  0.0932
36.6	13	122	  0.1021
35.699999999999996	16	119	  0.1142
34.5	20	115	  0.1269
33.3	24	111	  0.1392
32.4	27	108	  0.148
31.май	30	105	  0.1597
30.299999999999997	34	101	  0.1728
29.апр	37	98	  0.1813
28.799999999999997	39	96	  0.1871
28.фев	41	94	  0.1919
27.сен	42	93	  0.1975
27.мар	44	91	  0.2023
26.июл	46	89	  0.2082
26.099999999999998	48	87	  0.2132
25.фев	51	84	  0.2236
23.июл	56	79	  0.235
22.авг	59	76	  0.2462
22.май	60	75	  0.2513
21.сен	62	73	  0.2573
21.мар	64	71	  0.2622
20.июл	66	69	  0.2681
20.099999999999998	68	67	  0.273
19.авг	69	66	  0.2788
19.фев	71	64	  0.2846
18.599999999999998	73	62	  0.2903
18.мар	74	61	  0.2953
17.июл	76	59	  0.3011
17.099999999999998	78	57	  0.3069
17.099999999999998	78	57	  0.3116
16.май	80	55	  0.3173
15.899999999999999	82	53	  0.3222
15.299999999999999	84	51	  0.3281
14.399999999999999	87	48	  0.3409
14.янв	88	47	  0.3467
13.799999999999999	89	46	  0.3515
13.май	90	45	  0.3573
12.сен	92	43	  0.3628
12.299999999999999	94	41	  0.3689
12.299999999999999	94	41	  0.3735
11.июл	96	39	  0.3793
11.апр	97	38	  0.3851
11.янв	98	37	  0.3907
10.май	100	35	  0.3958
10.май	100	35	  0.4011
09.сен	102	33	  0.4069
09.сен	102	33	  0.4116
9.299999999999999	104	31	  0.4173
9.0	105	30	  0.4223
08.июл	106	29	  0.4282
08.апр	107	28	  0.4339
08.янв	108	27	  0.4397
08.янв	108	27	  0.4446
07.май	110	25	  0.4501
07.май	110	25	  0.4551
7.199999999999999	111	24	  0.4607
6.8999999999999995	112	23	  0.4658
6.8999999999999995	112	23	  0.4712
06.июн	113	22	  0.477
06.мар	114	21	  0.4819
6.0	115	20	  0.4888
05.июл	116	19	  0.4934
05.июл	116	19	  0.4992
05.июл	116	19	  0.5038
5.3999999999999995	117	18	  0.5095
05.янв	118	17	  0.5143
05.янв	118	17	  0.52
04.авг	119	16	  0.525
04.май	120	15	  0.5312
04.май	120	15	  0.538
04.май	120	15	  0.5429
04.фев	121	14	  0.5489
03.сен	122	13	  0.5535
03.сен	122	13	  0.5593
03.сен	122	13	  0.564
03.сен	122	13	  0.5697
3.5999999999999996	123	12	  0.5747
03.мар	124	11	  0.5801
03.мар	124	11	  0.5867
03.мар	124	11	  0.5914
03.мар	124	11	  0.5971
03.мар	124	11	  0.6021
3.0	125	10	  0.6079
3.0	125	10	  0.6127
2.6999999999999997	126	9	  0.6183
2.6999999999999997	126	9	  0.6233
2.6999999999999997	126	9	  0.6291
2.6999999999999997	126	9	  0.6338
2.6999999999999997	126	9	  0.6403
2.6999999999999997	126	9	  0.6453
2.6999999999999997	126	9	  0.6509
2.6999999999999997	126	9	  0.6567
02.апр	127	8	  0.6616
02.апр	127	8	  0.6673
02.апр	127	8	  0.6721
02.апр	127	8	  0.6781
02.янв	128	7	  0.6829
02.янв	128	7	  0.6894
02.янв	128	7	  0.6941
02.янв	128	7	  0.6998
02.янв	128	7	  0.7048
02.янв	128	7	  0.7102
02.янв	128	7	  0.7152
02.янв	128	7	  0.721
02.янв	128	7	  0.7268
02.янв	128	7	  0.7361
02.янв	128	7	  0.7438
02.янв	128	7	  0.7497
02.янв	128	7	  0.7547
02.янв	128	7	  0.7602
02.янв	128	7	  0.7652
02.янв	128	7	  0.771
02.янв	128	7	  0.7768
02.янв	128	7	  0.7816
02.янв	128	7	  0.7873
02.янв	128	7	  0.7932
02.янв	128	7	  0.7989
02.янв	128	7	  0.8036
02.янв	128	7	  0.8095
02.янв	128	7	  0.8143
02.янв	128	7	  0.8199
02.янв	128	7	  0.8249
02.янв	128	7	  0.8303
02.янв	128	7	  0.8353
02.янв	128	7	  0.8421
02.янв	128	7	  0.8479
02.янв	128	7	  0.8527
02.янв	128	7	  0.8583
02.янв	128	7	  0.8633
02.янв	128	7	  0.8691
02.янв	128	7	  0.8748
02.янв	128	7	  0.8802
02.янв	128	7	  0.8852
02.янв	128	7	  0.8916
02.янв	128	7	  0.8973
02.янв	128	7	  0.9023
02.янв	128	7	  0.9082
02.янв	128	7	  0.9131
02.янв	128	7	  0.9189
02.янв	128	7	  0.9235
02.янв	128	7	  0.9293
02.янв	128	7	  0.934
02.янв	128	7	  0.9398
02.янв	128	7	  0.9458
02.янв	128	7	  0.9511
02.янв	128	7	  0.9568
02.янв	128	7	  0.9616
02.янв	128	7	  0.9674
02.янв	128	7	  0.9722
02.янв	128	7	  0.979
02.янв	128	7	  0.9836
02.янв	128	7	  0.9895
02.янв	128	7	  0.9952
02.янв	128	7	  1.001
02.янв	128	7	  1.0067
02.янв	128	7	  1.0116
02.янв	128	7	  1.0172
02.янв	128	7	  1.0223
02.янв	128	7	  1.0282
02.янв	128	7	  1.0331
02.янв	128	7	  1.0389
02.янв	128	7	  1.0443
02.янв	128	7	  1.0499
02.янв	128	7	  1.0549
02.янв	128	7	  1.0603
02.янв	128	7	  1.0653
02.янв	128	7	  1.0711
02.янв	128	7	  1.0769
02.янв	128	7	  1.0816
02.янв	128	7	  1.0873
02.янв	128	7	  1.0922
02.янв	128	7	  1.099
02.янв	128	7	  1.1036
02.янв	128	7	  1.1093
02.янв	128	7	  1.114
02.янв	128	7	  1.1197
02.янв	128	7	  1.1247
02.янв	128	7	  1.1301
02.янв	128	7	  1.1417
02.янв	128	7	  1.1489
02.янв	128	7	  1.1537
02.янв	128	7	  1.16
02.янв	128	7	  1.165
02.янв	128	7	  1.1708
02.янв	128	7	  1.1762
02.янв	128	7	  1.1811
02.янв	128	7	  1.1868
02.янв	128	7	  1.1915
02.янв	128	7	  1.1987
02.янв	128	7	  1.2034
02.янв	128	7	  1.2091
02.янв	128	7	  1.2137
02.янв	128	7	  1.2194
02.янв	128	7	  1.2241
02.янв	128	7	  1.2298
02.янв	128	7	  1.2347
02.янв	128	7	  1.2401
02.янв	128	7	  1.2468
02.янв	128	7	  1.2514
02.янв	128	7	  1.2571
02.янв	128	7	  1.2621
02.янв	128	7	  1.2678
02.янв	128	7	  1.2727
02.янв	128	7	  1.2783
02.янв	128	7	  1.2832
02.янв	128	7	  1.289
02.янв	128	7	  1.2936
02.янв	128	7	  1.3
02.янв	128	7	  1.305
02.янв	128	7	  1.3106
02.янв	128	7	  1.3158
02.янв	128	7	  1.3212
02.янв	128	7	  1.3269
02.янв	128	7	  1.3317
02.янв	128	7	  1.3374
02.янв	128	7	  1.3422
02.янв	128	7	  1.3491
02.янв	128	7	  1.3537
02.янв	128	7	  1.3594
02.янв	128	7	  1.3641
02.янв	128	7	  1.3698
02.янв	128	7	  1.3747
02.янв	128	7	  1.3803
02.янв	128	7	  1.3852
02.янв	128	7	  1.3909
02.янв	128	7	  1.3964
02.янв	128	7	  1.4022
02.янв	128	7	  1.408
02.янв	128	7	  1.4128
02.янв	128	7	  1.4187
02.янв	128	7	  1.4233
02.янв	128	7	  1.4291
02.янв	128	7	  1.4337
02.янв	128	7	  1.4396
02.янв	128	7	  1.4443
02.янв	128	7	  1.4509
02.янв	128	7	  1.4566
02.янв	128	7	  1.4614
02.янв	128	7	  1.4672
02.янв	128	7	  1.4719
02.янв	128	7	  1.4774
02.янв	128	7	  1.4822
02.янв	128	7	  1.4881
02.янв	128	7	  1.4929
02.янв	128	7	  1.4989
02.янв	128	7	  1.5046
02.янв	128	7	  1.51
02.янв	128	7	  1.515
02.янв	128	7	  1.5206
02.янв	128	7	  1.5253
02.янв	128	7	  1.531
02.янв	128	7	  1.5426
02.янв	128	7	  1.5487
02.янв	128	7	  1.5542
02.янв	128	7	  1.5602
02.янв	128	7	  1.5651
02.янв	128	7	  1.5709
02.янв	128	7	  1.5766
02.янв	128	7	  1.5812
02.янв	128	7	  1.587
02.янв	128	7	  1.5919
02.янв	128	7	  1.5975
02.янв	128	7	  1.6034
02.янв	128	7	  1.6091
02.янв	128	7	  1.6137
02.янв	128	7	  1.6196
02.янв	128	7	  1.6246
02.янв	128	7	  1.63
02.янв	128	7	  1.635
02.янв	128	7	  1.6404
02.янв	128	7	  1.6453
02.янв	128	7	  1.651
02.янв	128	7	  1.6574
02.янв	128	7	  1.6623
02.янв	128	7	  1.6681
02.янв	128	7	  1.6729
02.янв	128	7	  1.6789
02.янв	128	7	  1.6835
02.янв	128	7	  1.6893
02.янв	128	7	  1.694
02.янв	128	7	  1.6997
02.янв	128	7	  1.7058
02.янв	128	7	  1.7111
02.янв	128	7	  1.7169
02.янв	128	7	  1.7217
02.янв	128	7	  1.7274
02.янв	128	7	  1.7322
02.янв	128	7	  1.7382
02.янв	128	7	  1.743
02.янв	128	7	  1.7488
02.янв	128	7	  1.7541
02.янв	128	7	  1.7598
02.янв	128	7	  1.7647
02.янв	128	7	  1.7701
02.янв	128	7	  1.7751
02.янв	128	7	  1.7807
02.янв	128	7	  1.7858
02.янв	128	7	  1.7911
02.янв	128	7	  1.7968
02.янв	128	7	  1.8016
02.янв	128	7	  1.8088
02.янв	128	7	  1.8134
02.янв	128	7	  1.8191
02.янв	128	7	  1.8237
02.янв	128	7	  1.8295
02.янв	128	7	  1.8342
02.янв	128	7	  1.8399
02.янв	128	7	  1.8448
02.янв	128	7	  1.8504
02.янв	128	7	  1.857
02.янв	128	7	  1.862
02.янв	128	7	  1.8677
02.янв	128	7	  1.8734
02.янв	128	7	  1.8792
02.янв	128	7	  1.8837
02.янв	128	7	  1.8895
02.янв	128	7	  1.8942
02.янв	128	7	  1.8999
02.янв	128	7	  1.9062
02.янв	128	7	  1.9111
02.янв	128	7	  1.9169
02.янв	128	7	  1.9217
02.янв	128	7	  1.9274
02.янв	128	7	  1.9322
02.янв	128	7	  1.9436
02.янв	128	7	  1.9495
02.янв	128	7	  1.9542
02.янв	128	7	  1.961
02.янв	128	7	  1.9667
02.янв	128	7	  1.9715
02.янв	128	7	  1.9772
02.янв	128	7	  1.9822
02.янв	128	7	  1.9879
02.янв	128	7	  1.9927
02.янв	128	7	  1.9983
02.янв	128	7	  2.0033
02.янв	128	7	  2.0097
02.янв	128	7	  2.0146
02.янв	128	7	  2.0201
02.янв	128	7	  2.025
02.янв	128	7	  2.0307
02.янв	128	7	  2.0358
02.янв	128	7	  2.0412
02.янв	128	7	  2.047
02.янв	128	7	  2.0516
02.янв	128	7	  2.0573
02.янв	128	7	  2.0633
02.янв	128	7	  2.069
02.янв	128	7	  2.0736
02.янв	128	7	  2.0794
02.янв	128	7	  2.0841
02.янв	128	7	  2.0898
02.янв	128	7	  2.0947
02.янв	128	7	  2.1003
02.янв	128	7	  2.1052
02.янв	128	7	  2.1119
02.янв	128	7	  2.1177
02.янв	128	7	  2.1267
02.янв	128	7	  2.1314
02.янв	128	7	  2.1371
02.янв	128	7	  2.1419
02.янв	128	7	  2.1475
02.янв	128	7	  2.1523
02.янв	128	7	  2.1584
02.янв	128	7	  2.1641
02.янв	128	7	  2.1698
02.янв	128	7	  2.1748
02.янв	128	7	  2.1802
02.янв	128	7	  2.1852
02.янв	128	7	  2.1908
02.янв	128	7	  2.1962
02.янв	128	7	  2.2011
02.янв	128	7	  2.2069
02.янв	128	7	  2.2127
02.янв	128	7	  2.2188
02.янв	128	7	  2.2234
02.янв	128	7	  2.2291
02.янв	128	7	  2.2337
02.янв	128	7	  2.2397
02.янв	128	7	  2.2446
02.янв	128	7	  2.25
02.янв	128	7	  2.255
02.янв	128	7	  2.2613
02.янв	128	7	  2.2671
02.янв	128	7	  2.2717
02.янв	128	7	  2.2774
02.янв	128	7	  2.2826
02.янв	128	7	  2.2883
02.янв	128	7	  2.2932
02.янв	128	7	  2.2989
02.янв	128	7	  2.3036
02.янв	128	7	  2.3093
02.янв	128	7	  2.315
02.янв	128	7	  2.3207
02.янв	128	7	  2.3258
02.янв	128	7	  2.331
02.янв	128	7	  2.3413
02.янв	128	7	  2.3483
02.янв	128	7	  2.3532
02.янв	128	7	  2.3591
02.янв	128	7	  2.3648
02.янв	128	7	  2.3707
02.янв	128	7	  2.3757
02.янв	128	7	  2.381
02.янв	128	7	  2.3868
02.янв	128	7	  2.3914
02.янв	128	7	  2.3971
02.янв	128	7	  2.4021
02.янв	128	7	  2.4089
02.янв	128	7	  2.4142
02.янв	128	7	  2.4199
02.янв	128	7	  2.4249
02.янв	128	7	  2.4303
02.янв	128	7	  2.4352
02.янв	128	7	  2.4408
02.янв	128	7	  2.4462
02.янв	128	7	  2.4512
02.янв	128	7	  2.4569
02.янв	128	7	  2.4617
02.янв	128	7	  2.4688
02.янв	128	7	  2.4734
02.янв	128	7	  2.4791
02.янв	128	7	  2.4837
02.янв	128	7	  2.4895
02.янв	128	7	  2.4942
02.янв	128	7	  2.5
02.янв	128	7	  2.505
02.янв	128	7	  2.5103
02.янв	128	7	  2.5171
02.янв	128	7	  2.522
02.янв	128	7	  2.5277
02.янв	128	7	  2.5324
02.янв	128	7	  2.5382
02.янв	128	7	  2.5431
02.янв	128	7	  2.5493
02.янв	128	7	  2.5541
02.янв	128	7	  2.5597
02.янв	128	7	  2.5647
02.янв	128	7	  2.571
02.янв	128	7	  2.5768
02.янв	128	7	  2.5815
02.янв	128	7	  2.5872
02.янв	128	7	  2.592
02.янв	128	7	  2.5978
02.янв	128	7	  2.6026
02.янв	128	7	  2.6083
02.янв	128	7	  2.6132
02.янв	128	7	  2.6197
02.янв	128	7	  2.6246
02.янв	128	7	  2.6302
02.янв	128	7	  2.6352
02.янв	128	7	  2.641
02.янв	128	7	  2.6468
02.янв	128	7	  2.6514
02.янв	128	7	  2.6571
02.янв	128	7	  2.6618
02.янв	128	7	  2.6687
02.янв	128	7	  2.6734
02.янв	128	7	  2.6791
02.янв	128	7	  2.6837
02.янв	128	7	  2.6895
02.янв	128	7	  2.6941
02.янв	128	7	  2.7
02.янв	128	7	  2.7049
02.янв	128	7	  2.7103
02.янв	128	7	  2.7153
02.янв	128	7	  2.7218
02.янв	128	7	  2.7274
02.янв	128	7	  2.7322
02.янв	128	7	  2.7422
02.янв	128	7	  2.7493
02.янв	128	7	  2.7539
02.янв	128	7	  2.7599
02.янв	128	7	  2.7648
02.янв	128	7	  2.7715
02.янв	128	7	  2.7772
02.янв	128	7	  2.782
02.янв	128	7	  2.7875
02.янв	128	7	  2.7923
02.янв	128	7	  2.7982
02.янв	128	7	  2.8031
02.янв	128	7	  2.8088
02.янв	128	7	  2.8134
02.янв	128	7	  2.82
02.янв	128	7	  2.8251
02.янв	128	7	  2.8307
02.янв	128	7	  2.8357
02.янв	128	7	  2.841
02.янв	128	7	  2.8467
02.янв	128	7	  2.8513
02.янв	128	7	  2.8571
02.янв	128	7	  2.8617
02.янв	128	7	  2.8674
02.янв	128	7	  2.874
02.янв	128	7	  2.8798
02.янв	128	7	  2.8848
02.янв	128	7	  2.8903
02.янв	128	7	  2.8952
02.янв	128	7	  2.9008
02.янв	128	7	  2.9062
02.янв	128	7	  2.9111
02.янв	128	7	  2.9169
02.янв	128	7	  2.9223
02.янв	128	7	  2.9282
02.янв	128	7	  2.933
02.янв	128	7	  2.939
02.янв	128	7	  2.9436
02.янв	128	7	  2.9493
02.янв	128	7	  2.9541
02.янв	128	7	  2.9597
02.янв	128	7	  2.9646
02.янв	128	7	  2.9701
02.янв	128	7	  2.9769
02.янв	128	7	  2.9815
02.янв	128	7	  2.9872
02.янв	128	7	  2.9919
02.янв	128	7	  2.9975
02.янв	128	7	  3.0027
02.янв	128	7	  3.0083
02.янв	128	7	  3.0132
02.янв	128	7	  3.0191
02.янв	128	7	  3.0248
02.янв	128	7	  3.0302
02.янв	128	7	  3.0352
02.янв	128	7	  3.0408
02.янв	128	7	  3.0458
02.янв	128	7	  3.0511
02.янв	128	7	  3.0569
02.янв	128	7	  3.0616
02.янв	128	7	  3.0673
02.янв	128	7	  3.0721
02.янв	128	7	  3.079
02.янв	128	7	  3.0836
02.янв	128	7	  3.0894
02.янв	128	7	  3.0941
02.янв	128	7	  3.0997
02.янв	128	7	  3.1047
02.янв	128	7	  3.1101
02.янв	128	7	  3.115
02.янв	128	7	  3.1208
02.янв	128	7	  3.1272
02.янв	128	7	  3.1321
02.янв	128	7	  3.1421
02.янв	128	7	  3.1495
02.янв	128	7	  3.1542
02.янв	128	7	  3.16
02.янв	128	7	  3.165
02.янв	128	7	  3.1708
02.янв	128	7	  3.1781
02.янв	128	7	  3.1829
02.янв	128	7	  3.1887
02.янв	128	7	  3.1934
02.янв	128	7	  3.1991
02.янв	128	7	  3.2037
02.янв	128	7	  3.2095
02.янв	128	7	  3.2141
02.янв	128	7	  3.2198
02.янв	128	7	  3.2262
02.янв	128	7	  3.2311
02.янв	128	7	  3.2369
02.янв	128	7	  3.2417
02.янв	128	7	  3.2474
02.янв	128	7	  3.2522
02.янв	128	7	  3.2579
02.янв	128	7	  3.2627
02.янв	128	7	  3.2683
02.янв	128	7	  3.2732
02.янв	128	7	  3.2798
02.янв	128	7	  3.2848
02.янв	128	7	  3.2902
02.янв	128	7	  3.2952
02.янв	128	7	  3.301
02.янв	128	7	  3.3067
02.янв	128	7	  3.3114
02.янв	128	7	  3.3171
02.янв	128	7	  3.3217
02.янв	128	7	  3.3287
02.янв	128	7	  3.3333
02.янв	128	7	  3.3391
02.янв	128	7	  3.3437
02.янв	128	7	  3.3494
02.янв	128	7	  3.3541
02.янв	128	7	  3.3599
02.янв	128	7	  3.3648
02.янв	128	7	  3.3703
02.янв	128	7	  3.3752
02.янв	128	7	  3.3816
02.янв	128	7	  3.3873
02.янв	128	7	  3.3921
02.янв	128	7	  3.3978
02.янв	128	7	  3.4026
02.янв	128	7	  3.4088
02.янв	128	7	  3.4134
02.янв	128	7	  3.4192
02.янв	128	7	  3.4239
02.янв	128	7	  3.4303
02.янв	128	7	  3.4352
02.янв	128	7	  3.4409
02.янв	128	7	  3.4463
02.янв	128	7	  3.4512
02.янв	128	7	  3.4569
02.янв	128	7	  3.4616
02.янв	128	7	  3.4673
02.янв	128	7	  3.4721
02.янв	128	7	  3.478
02.янв	128	7	  3.4838
02.янв	128	7	  3.4895
02.янв	128	7	  3.4942
02.янв	128	7	  3.4999
02.янв	128	7	  3.5048
02.янв	128	7	  3.5102
02.янв	128	7	  3.5152
02.янв	128	7	  3.5208
02.янв	128	7	  3.5263
02.янв	128	7	  3.5321
02.янв	128	7	  3.5381
02.янв	128	7	  3.5494
02.янв	128	7	  3.5542
02.янв	128	7	  3.56
02.янв	128	7	  3.565
02.янв	128	7	  3.5708
02.янв	128	7	  3.5758
02.янв	128	7	  3.5819
02.янв	128	7	  3.5877
02.янв	128	7	  3.5923
02.янв	128	7	  3.5984
02.янв	128	7	  3.6033
02.янв	128	7	  3.609
02.янв	128	7	  3.6136
02.янв	128	7	  3.6193
02.янв	128	7	  3.6241
02.янв	128	7	  3.6297
02.янв	128	7	  3.6358
02.янв	128	7	  3.6411
02.янв	128	7	  3.6469
02.янв	128	7	  3.6515
02.янв	128	7	  3.6572
02.янв	128	7	  3.6622
02.янв	128	7	  3.6681
02.янв	128	7	  3.673
02.янв	128	7	  3.6788
02.янв	128	7	  3.6842
02.янв	128	7	  3.6898
02.янв	128	7	  3.6948
02.янв	128	7	  3.7002
02.янв	128	7	  3.7051
02.янв	128	7	  3.7108
02.янв	128	7	  3.7159
02.янв	128	7	  3.7213
02.янв	128	7	  3.727
02.янв	128	7	  3.7316
02.янв	128	7	  3.7383
02.янв	128	7	  3.7432
02.янв	128	7	  3.749
02.янв	128	7	  3.7536
02.янв	128	7	  3.7593
02.янв	128	7	  3.764
02.янв	128	7	  3.7697
02.янв	128	7	  3.7747
02.янв	128	7	  3.7802
02.янв	128	7	  3.787
02.янв	128	7	  3.7916
02.янв	128	7	  3.7973
02.янв	128	7	  3.8023
02.янв	128	7	  3.8082
02.янв	128	7	  3.8131
02.янв	128	7	  3.8188
02.янв	128	7	  3.8235
02.янв	128	7	  3.8292
02.янв	128	7	  3.8338
02.янв	128	7	  3.8406
02.янв	128	7	  3.8457
02.янв	128	7	  3.851
02.янв	128	7	  3.8568
02.янв	128	7	  3.8614
02.янв	128	7	  3.8671
02.янв	128	7	  3.873
02.янв	128	7	  3.8788
02.янв	128	7	  3.8834
02.янв	128	7	  3.8899
02.янв	128	7	  3.8948
02.янв	128	7	  3.9003
02.янв	128	7	  3.9053
02.янв	128	7	  3.911
02.янв	128	7	  3.9168
02.янв	128	7	  3.9214
02.янв	128	7	  3.9271
02.янв	128	7	  3.9321
02.янв	128	7	  3.939
02.янв	128	7	  3.9502
02.янв	128	7	  3.9552
02.янв	128	7	  3.9611
02.янв	128	7	  3.9669
02.янв	128	7	  3.9717
02.янв	128	7	  3.9774
02.янв	128	7	  3.9823
02.янв	128	7	  3.9891
02.янв	128	7	  3.9938
02.янв	128	7	  3.9995
02.янв	128	7	  4.0042
02.янв	128	7	  4.0098
02.янв	128	7	  4.0148
02.янв	128	7	  4.0203
02.янв	128	7	  4.0254
02.янв	128	7	  4.031
02.янв	128	7	  4.0368
02.янв	128	7	  4.0424
02.янв	128	7	  4.0482
02.янв	128	7	  4.0532
02.янв	128	7	  4.0591
02.янв	128	7	  4.0637
02.янв	128	7	  4.0694
02.янв	128	7	  4.0741
02.янв	128	7	  4.0799
02.янв	128	7	  4.085
02.янв	128	7	  4.0913
02.янв	128	7	  4.097
02.янв	128	7	  4.1017
02.янв	128	7	  4.1074
02.янв	128	7	  4.1123
02.янв	128	7	  4.1182
02.янв	128	7	  4.1231
02.янв	128	7	  4.1288
02.янв	128	7	  4.1334
02.янв	128	7	  4.1401
02.янв	128	7	  4.1451
02.янв	128	7	  4.1507
02.янв	128	7	  4.1557
02.янв	128	7	  4.161
02.янв	128	7	  4.1668
02.янв	128	7	  4.1714
02.янв	128	7	  4.1771
02.янв	128	7	  4.1817
02.янв	128	7	  4.1874
02.янв	128	7	  4.1935
02.янв	128	7	  4.1994
02.янв	128	7	  4.2041
02.янв	128	7	  4.2098
02.янв	128	7	  4.2148
02.янв	128	7	  4.2202
02.янв	128	7	  4.2252
02.янв	128	7	  4.2308
02.янв	128	7	  4.2362
02.янв	128	7	  4.242
02.янв	128	7	  4.2475
02.янв	128	7	  4.2523
02.янв	128	7	  4.2586
02.янв	128	7	  4.2633
02.янв	128	7	  4.269
02.янв	128	7	  4.2736
02.янв	128	7	  4.2827
02.янв	128	7	  4.2883
02.янв	128	7	  4.2941
02.янв	128	7	  4.2997
02.янв	128	7	  4.3047
02.янв	128	7	  4.3101
02.янв	128	7	  4.3151
02.янв	128	7	  4.3209
02.янв	128	7	  4.3263
02.янв	128	7	  4.3312
02.янв	128	7	  4.3369
02.янв	128	7	  4.3415
02.янв	128	7	  4.3552
02.янв	128	7	  4.361
02.янв	128	7	  4.3668
02.янв	128	7	  4.3716
02.янв	128	7	  4.3773
02.янв	128	7	  4.3826
02.янв	128	7	  4.3882
02.янв	128	7	  4.3932
02.янв	128	7	  4.3997
02.янв	128	7	  4.4046
02.янв	128	7	  4.41
02.янв	128	7	  4.415
02.янв	128	7	  4.4209
02.янв	128	7	  4.4266
02.янв	128	7	  4.4313
02.янв	128	7	  4.437
02.янв	128	7	  4.442
02.янв	128	7	  4.449
02.янв	128	7	  4.4536
02.янв	128	7	  4.4593
02.янв	128	7	  4.4641
02.янв	128	7	  4.4697
02.янв	128	7	  4.4747
02.янв	128	7	  4.4801
02.янв	128	7	  4.4851
02.янв	128	7	  4.4907
02.янв	128	7	  4.4971
02.янв	128	7	  4.502
02.янв	128	7	  4.5078
02.янв	128	7	  4.5127
02.янв	128	7	  4.5183
02.янв	128	7	  4.5232
02.янв	128	7	  4.529
02.янв	128	7	  4.5335
02.янв	128	7	  4.5393
02.янв	128	7	  4.544
02.янв	128	7	  4.5503
02.янв	128	7	  4.5568
02.янв	128	7	  4.5616
02.янв	128	7	  4.5673
02.янв	128	7	  4.5721
02.янв	128	7	  4.5781
02.янв	128	7	  4.5828
02.янв	128	7	  4.5887
02.янв	128	7	  4.5933
02.янв	128	7	  4.5998
02.янв	128	7	  4.6048
02.янв	128	7	  4.6102
02.янв	128	7	  4.6152
02.янв	128	7	  4.621
02.янв	128	7	  4.6268
02.янв	128	7	  4.6314
02.янв	128	7	  4.6371
02.янв	128	7	  4.6418
02.янв	128	7	  4.6487
02.янв	128	7	  4.6534
02.янв	128	7	  4.6591
02.янв	128	7	  4.6638
02.янв	128	7	  4.6695
02.янв	128	7	  4.6742
02.янв	128	7	  4.68
02.янв	128	7	  4.685
02.янв	128	7	  4.6906
02.янв	128	7	  4.6957
02.янв	128	7	  4.7019
02.янв	128	7	  4.7075
02.янв	128	7	  4.7127
02.янв	128	7	  4.7183
02.янв	128	7	  4.7232
02.янв	128	7	  4.7289
02.янв	128	7	  4.7335
02.янв	128	7	  4.7394
02.янв	128	7	  4.7513
02.янв	128	7	  4.7571
02.янв	128	7	  4.762
02.янв	128	7	  4.7679
02.янв	128	7	  4.7727
02.янв	128	7	  4.7788
02.янв	128	7	  4.7834
02.янв	128	7	  4.7891
02.янв	128	7	  4.7938
02.янв	128	7	  4.7997
02.янв	128	7	  4.8058
02.янв	128	7	  4.811
02.янв	128	7	  4.8168
02.янв	128	7	  4.8214
02.янв	128	7	  4.8272
02.янв	128	7	  4.8319
02.янв	128	7	  4.8374
02.янв	128	7	  4.8426
02.янв	128	7	  4.8483
02.янв	128	7	  4.854
02.янв	128	7	  4.8598
02.янв	128	7	  4.8648
02.янв	128	7	  4.8711
02.янв	128	7	  4.8769
02.янв	128	7	  4.8816
02.янв	128	7	  4.8873
02.янв	128	7	  4.8921
02.янв	128	7	  4.8978
02.янв	128	7	  4.9036
02.янв	128	7	  4.9099
02.янв	128	7	  4.9149
02.янв	128	7	  4.9207
02.янв	128	7	  4.9258
02.янв	128	7	  4.931
02.янв	128	7	  4.9368
02.янв	128	7	  4.9414
02.янв	128	7	  4.9471
02.янв	128	7	  4.9529
02.янв	128	7	  4.9587
02.янв	128	7	  4.9634
02.янв	128	7	  4.9693
02.янв	128	7	  4.9739
02.янв	128	7	  4.9797
02.янв	128	7	  4.9847
02.янв	128	7	  4.9901
02.янв	128	7	  4.9951
02.янв	128	7	  5.0007
02.янв	128	7	  5.0071
02.янв	128	7	  5.0117
02.янв	128	7	  5.0173
02.янв	128	7	  5.0271
02.янв	128	7	  5.0318
02.янв	128	7	  5.0374
02.янв	128	7	  5.0426
02.янв	128	7	  5.0483
02.янв	128	7	  5.0532
02.янв	128	7	  5.0688
02.янв	128	7	  5.0773
02.янв	128	7	  5.0896
02.янв	128	7	  5.1012
02.янв	128	7	  5.1111
02.янв	128	7	  5.1233
02.янв	128	7	  5.134
02.янв	128	7	  5.1494
02.янв	128	7	  5.1646
02.янв	128	7	  5.1737
02.янв	128	7	  5.1841
02.янв	128	7	  5.1907
02.янв	128	7	  5.1958
02.янв	128	7	  5.2011
02.янв	128	7	  5.2068
02.янв	128	7	  5.2114
02.янв	128	7	  5.2172
02.янв	128	7	  5.2221
02.янв	128	7	  5.237
02.янв	128	7	  5.252
02.янв	128	7	  5.2721
02.янв	128	7	  5.2842
02.янв	128	7	  5.2942
02.янв	128	7	  5.3001
02.янв	128	7	  5.305
02.янв	128	7	  5.3108
02.янв	128	7	  5.3162
02.янв	128	7	  5.3211
02.янв	128	7	  5.3269
02.янв	128	7	  5.3315
02.янв	128	7	  5.3372
02.янв	128	7	  5.3432
02.янв	128	7	  5.3489
02.янв	128	7	  5.3535
02.янв	128	7	  5.3595
02.янв	128	7	  5.3642
02.янв	128	7	  5.3698
02.янв	128	7	  5.3748
02.янв	128	7	  5.3802
02.янв	128	7	  5.3851
02.янв	128	7	  5.3914
02.янв	128	7	  5.3971
02.янв	128	7	  5.4022
02.янв	128	7	  5.4079
02.янв	128	7	  5.4127
02.янв	128	7	  5.4183
02.янв	128	7	  5.4232
02.янв	128	7	  5.429
02.янв	128	7	  5.4336
02.янв	128	7	  5.4401
02.янв	128	7	  5.4451
02.янв	128	7	  5.4507
02.янв	128	7	  5.4557
02.янв	128	7	  5.4687
02.янв	128	7	  5.4734
02.янв	128	7	  5.4791
02.янв	128	7	  5.4837
02.янв	128	7	  5.4897
02.янв	128	7	  5.4958
02.янв	128	7	  5.5011
02.янв	128	7	  5.5068
02.янв	128	7	  5.5114
02.янв	128	7	  5.5171
02.янв	128	7	  5.5221
02.янв	128	7	  5.5279
02.янв	128	7	  5.5327
02.янв	128	7	  5.5383
02.янв	128	7	  5.5439
02.янв	128	7	  5.5563
02.янв	128	7	  5.5613
02.янв	128	7	  5.5671
02.янв	128	7	  5.572
02.янв	128	7	  5.5781
02.янв	128	7	  5.583
02.янв	128	7	  5.5887
02.янв	128	7	  5.5942
02.янв	128	7	  5.5999
02.янв	128	7	  5.6048
02.янв	128	7	  5.6103
02.янв	128	7	  5.6152
02.янв	128	7	  5.621
02.янв	128	7	  5.6268
02.янв	128	7	  5.6314
02.янв	128	7	  5.6371
02.янв	128	7	  5.6432
02.янв	128	7	  5.649
02.янв	128	7	  5.6536
02.янв	128	7	  5.6593
02.янв	128	7	  5.6641
02.янв	128	7	  5.6697
02.янв	128	7	  5.6747
02.янв	128	7	  5.6801
02.янв	128	7	  5.6851
02.янв	128	7	  5.6907
02.янв	128	7	  5.6971
02.янв	128	7	  5.7021
02.янв	128	7	  5.7078
02.янв	128	7	  5.7127
02.янв	128	7	  5.7183
02.янв	128	7	  5.7232
02.янв	128	7	  5.729
02.янв	128	7	  5.7336
02.янв	128	7	  5.7393
02.янв	128	7	  5.745
02.янв	128	7	  5.7508
02.янв	128	7	  5.7563
02.янв	128	7	  5.7613
02.янв	128	7	  5.767
02.янв	128	7	  5.7716
02.янв	128	7	  5.7774
02.янв	128	7	  5.7822
02.янв	128	7	  5.7879
02.янв	128	7	  5.7928
02.янв	128	7	  5.7993
02.янв	128	7	  5.804
02.янв	128	7	  5.8097
02.янв	128	7	  5.8147
02.янв	128	7	  5.8202
02.янв	128	7	  5.8252
02.янв	128	7	  5.8308
02.янв	128	7	  5.8363
02.янв	128	7	  5.8412
02.янв	128	7	  5.8478
02.янв	128	7	  5.8527
02.янв	128	7	  5.8583
02.янв	128	7	  5.8632
02.янв	128	7	  5.869
02.янв	128	7	  5.8748
02.янв	128	7	  5.8803
02.янв	128	7	  5.8853
02.янв	128	7	  5.891
02.янв	128	7	  5.8974
02.янв	128	7	  5.9023
02.янв	128	7	  5.9082
02.янв	128	7	  5.9131
02.янв	128	7	  5.9189
02.янв	128	7	  5.9235
02.янв	128	7	  5.9293
02.янв	128	7	  5.9339
02.янв	128	7	  5.9398
02.янв	128	7	  5.9447
02.янв	128	7	  5.9575
02.янв	128	7	  5.9627
02.янв	128	7	  5.9687
02.янв	128	7	  5.9734
02.янв	128	7	  5.9792
02.янв	128	7	  5.9839
02.янв	128	7	  5.9896
02.янв	128	7	  5.9943
02.янв	128	7	  6.0011
02.янв	128	7	  6.0069
02.янв	128	7	  6.0117
02.янв	128	7	  6.0173
02.янв	128	7	  6.0221
02.янв	128	7	  6.0278
02.янв	128	7	  6.0327
02.янв	128	7	  6.0383
02.янв	128	7	  6.0433
02.янв	128	7	  6.0497
02.янв	128	7	  6.0546
02.янв	128	7	  6.0602
02.янв	128	7	  6.0652
02.янв	128	7	  6.0708
02.янв	128	7	  6.0762
02.янв	128	7	  6.0811
02.янв	128	7	  6.0869
02.янв	128	7	  6.0915
02.янв	128	7	  6.0972
02.янв	128	7	  6.1032
02.янв	128	7	  6.1089
02.янв	128	7	  6.1135
02.янв	128	7	  6.1194
02.янв	128	7	  6.1241
02.янв	128	7	  6.1298
02.янв	128	7	  6.1347
02.янв	128	7	  6.1403
02.янв	128	7	  6.1452
02.янв	128	7	  6.1516
02.янв	128	7	  6.1573
02.янв	128	7	  6.1621
02.янв	128	7	  6.1678
02.янв	128	7	  6.1727
02.янв	128	7	  6.1787
02.янв	128	7	  6.1834
02.янв	128	7	  6.1891
02.янв	128	7	  6.1937
02.янв	128	7	  6.1994
02.янв	128	7	  6.205
02.янв	128	7	  6.2106
02.янв	128	7	  6.2154
02.янв	128	7	  6.221
02.янв	128	7	  6.2267
02.янв	128	7	  6.2314
02.янв	128	7	  6.2371
02.янв	128	7	  6.2421
02.янв	128	7	  6.2478
02.янв	128	7	  6.2536
02.янв	128	7	  6.2593
02.янв	128	7	  6.264
02.янв	128	7	  6.2699
02.янв	128	7	  6.2748
02.янв	128	7	  6.2802
02.янв	128	7	  6.2852
02.янв	128	7	  6.2908
02.янв	128	7	  6.2962
02.янв	128	7	  6.3013
02.янв	128	7	  6.3081
02.янв	128	7	  6.3128
02.янв	128	7	  6.3187
02.янв	128	7	  6.3233
02.янв	128	7	  6.3291
02.янв	128	7	  6.3337
02.янв	128	7	  6.3395
02.янв	128	7	  6.3442
02.янв	128	7	  6.357
02.янв	128	7	  6.3622
02.янв	128	7	  6.3681
02.янв	128	7	  6.3729
02.янв	128	7	  6.3789
02.янв	128	7	  6.3835
02.янв	128	7	  6.3892
02.янв	128	7	  6.3938
02.янв	128	7	  6.3997
02.янв	128	7	  6.4058
02.янв	128	7	  6.4111
02.янв	128	7	  6.4168
02.янв	128	7	  6.4216
02.янв	128	7	  6.4273
02.янв	128	7	  6.4322
02.янв	128	7	  6.4381
02.янв	128	7	  6.4428
02.янв	128	7	  6.4487
02.янв	128	7	  6.4533
02.янв	128	7	  6.4598
02.янв	128	7	  6.4648
02.янв	128	7	  6.4702
02.янв	128	7	  6.4752
02.янв	128	7	  6.481
02.янв	128	7	  6.4868
02.янв	128	7	  6.4914
02.янв	128	7	  6.4971
02.янв	128	7	  6.5018
02.янв	128	7	  6.5084
02.янв	128	7	  6.5133
02.янв	128	7	  6.519
02.янв	128	7	  6.5236
02.янв	128	7	  6.5295
02.янв	128	7	  6.5342
02.янв	128	7	  6.5401
02.янв	128	7	  6.545
02.янв	128	7	  6.5506
02.янв	128	7	  6.5572
02.янв	128	7	  6.5619
02.янв	128	7	  6.5711
02.янв	128	7	  6.5769
02.янв	128	7	  6.5815
02.янв	128	7	  6.5872
02.янв	128	7	  6.592
02.янв	128	7	  6.5979
02.янв	128	7	  6.6027
02.янв	128	7	  6.6093
02.янв	128	7	  6.614
02.янв	128	7	  6.6197
02.янв	128	7	  6.6246
02.янв	128	7	  6.63
02.янв	128	7	  6.635
02.янв	128	7	  6.6407
02.янв	128	7	  6.6458
02.янв	128	7	  6.651
02.янв	128	7	  6.6567
02.янв	128	7	  6.6627
02.янв	128	7	  6.6687
02.янв	128	7	  6.6733
02.янв	128	7	  6.679
02.янв	128	7	  6.6837
02.янв	128	7	  6.6894
02.янв	128	7	  6.6941
02.янв	128	7	  6.6998
02.янв	128	7	  6.7048
02.янв	128	7	  6.7112
02.янв	128	7	  6.7169
02.янв	128	7	  6.7217
02.янв	128	7	  6.7274
02.янв	128	7	  6.7322
02.янв	128	7	  6.7381
02.янв	128	7	  6.7428
02.янв	128	7	  6.7487
02.янв	128	7	  6.761
02.янв	128	7	  6.7667
02.янв	128	7	  6.7716
02.янв	128	7	  6.7773
02.янв	128	7	  6.7823
02.янв	128	7	  6.7887
02.янв	128	7	  6.7933
02.янв	128	7	  6.799
02.янв	128	7	  6.8036
02.янв	128	7	  6.8094
02.янв	128	7	  6.8151
02.янв	128	7	  6.8207
02.янв	128	7	  6.8258
02.янв	128	7	  6.8311
02.янв	128	7	  6.8369
02.янв	128	7	  6.8417
02.янв	128	7	  6.8474
02.янв	128	7	  6.8522
02.янв	128	7	  6.8579
02.янв	128	7	  6.8637
02.янв	128	7	  6.8695
02.янв	128	7	  6.8751
02.янв	128	7	  6.8807
02.янв	128	7	  6.8858
02.янв	128	7	  6.891
02.янв	128	7	  6.8968
02.янв	128	7	  6.9016
02.янв	128	7	  6.9073
02.янв	128	7	  6.9133
02.янв	128	7	  6.9192
02.янв	128	7	  6.9238
02.янв	128	7	  6.9296
02.янв	128	7	  6.9343
02.янв	128	7	  6.94
02.янв	128	7	  6.945
02.янв	128	7	  6.9503
02.янв	128	7	  6.9553
02.янв	128	7	  6.9611
02.янв	128	7	  6.9677
02.янв	128	7	  6.9726
02.янв	128	7	  6.9782
02.янв	128	7	  6.9832
02.янв	128	7	  6.989
02.янв	128	7	  6.9936
02.янв	128	7	  6.9993
02.янв	128	7	  7.004
02.янв	128	7	  7.0097
02.янв	128	7	  7.0157
02.янв	128	7	  7.0212
02.янв	128	7	  7.0269
02.янв	128	7	  7.0315
02.янв	128	7	  7.0372
02.янв	128	7	  7.0421
02.янв	128	7	  7.048
02.янв	128	7	  7.0528
02.янв	128	7	  7.0587
02.янв	128	7	  7.0641
02.янв	128	7	  7.0698
02.янв	128	7	  7.0748
02.янв	128	7	  7.0803
02.янв	128	7	  7.0853
02.янв	128	7	  7.0909
02.янв	128	7	  7.0967
02.янв	128	7	  7.1013
02.янв	128	7	  7.107
02.янв	128	7	  7.1117
02.янв	128	7	  7.1187
02.янв	128	7	  7.1233
02.янв	128	7	  7.1291
02.янв	128	7	  7.1337
02.янв	128	7	  7.1396
02.янв	128	7	  7.1446
02.янв	128	7	  7.15
02.янв	128	7	  7.1614
02.янв	128	7	  7.1683
02.янв	128	7	  7.1732
02.янв	128	7	  7.1792
02.янв	128	7	  7.1838
02.янв	128	7	  7.1897
02.янв	128	7	  7.1946
02.янв	128	7	  7.2002
02.янв	128	7	  7.2051
02.янв	128	7	  7.2108
02.янв	128	7	  7.2172
02.янв	128	7	  7.222
02.янв	128	7	  7.2277
02.янв	128	7	  7.2324
02.янв	128	7	  7.2382
02.янв	128	7	  7.2432
02.янв	128	7	  7.2489
02.янв	128	7	  7.2535
02.янв	128	7	  7.2594
02.янв	128	7	  7.2641
02.янв	128	7	  7.2707
02.янв	128	7	  7.2758
02.янв	128	7	  7.281
02.янв	128	7	  7.2867
02.янв	128	7	  7.2914
02.янв	128	7	  7.2971
02.янв	128	7	  7.3019
02.янв	128	7	  7.3074
02.янв	128	7	  7.3127
02.янв	128	7	  7.3195
02.янв	128	7	  7.3242
02.янв	128	7	  7.3299
02.янв	128	7	  7.3348
02.янв	128	7	  7.3402
02.янв	128	7	  7.3452
02.янв	128	7	  7.3508
02.янв	128	7	  7.3563
02.янв	128	7	  7.3611
02.янв	128	7	  7.3669
02.янв	128	7	  7.3727
02.янв	128	7	  7.3788
02.янв	128	7	  7.3834
02.янв	128	7	  7.3891
02.янв	128	7	  7.3937
02.янв	128	7	  7.3995
02.янв	128	7	  7.4042
02.янв	128	7	  7.4098
02.янв	128	7	  7.4158
02.янв	128	7	  7.4221
02.янв	128	7	  7.4278
02.янв	128	7	  7.4327
02.янв	128	7	  7.4388
02.янв	128	7	  7.4434
02.янв	128	7	  7.4491
02.янв	128	7	  7.4537
02.янв	128	7	  7.4594
02.янв	128	7	  7.4641
02.янв	128	7	  7.4708
02.янв	128	7	  7.4763
02.янв	128	7	  7.4811
02.янв	128	7	  7.4869
02.янв	128	7	  7.4915
02.янв	128	7	  7.4972
02.янв	128	7	  7.5021
02.янв	128	7	  7.5078
02.янв	128	7	  7.5127
02.янв	128	7	  7.5183
02.янв	128	7	  7.5241
02.янв	128	7	  7.5298
02.янв	128	7	  7.5348
02.янв	128	7	  7.5402
02.янв	128	7	  7.5451
02.янв	128	7	  7.5508
02.янв	128	7	  7.5623
02.янв	128	7	  7.5686
02.янв	128	7	  7.5741
02.янв	128	7	  7.58
02.янв	128	7	  7.585
02.янв	128	7	  7.5908
02.янв	128	7	  7.5958
02.янв	128	7	  7.6011
02.янв	128	7	  7.6069
02.янв	128	7	  7.6115
02.янв	128	7	  7.6172
02.янв	128	7	  7.6233
02.янв	128	7	  7.6291
02.янв	128	7	  7.6338
02.янв	128	7	  7.6395
02.янв	128	7	  7.6442
02.янв	128	7	  7.6498
02.янв	128	7	  7.6547
02.янв	128	7	  7.6601
02.янв	128	7	  7.6651
02.янв	128	7	  7.6707
02.янв	128	7	  7.6772
02.янв	128	7	  7.6822
02.янв	128	7	  7.688
02.янв	128	7	  7.6928
02.янв	128	7	  7.6988
02.янв	128	7	  7.7035
02.янв	128	7	  7.7092
02.янв	128	7	  7.7138
02.янв	128	7	  7.7195
02.янв	128	7	  7.7252
02.янв	128	7	  7.7308
02.янв	128	7	  7.7363
02.янв	128	7	  7.7413
02.янв	128	7	  7.747
02.янв	128	7	  7.7517
02.янв	128	7	  7.7574
02.янв	128	7	  7.7622
02.янв	128	7	  7.7679
02.янв	128	7	  7.7728
02.янв	128	7	  7.7794
02.янв	128	7	  7.7842
02.янв	128	7	  7.7898
02.янв	128	7	  7.7947
02.янв	128	7	  7.8003
02.янв	128	7	  7.8052
02.янв	128	7	  7.8109
02.янв	128	7	  7.8166
02.янв	128	7	  7.8212
02.янв	128	7	  7.8279
02.янв	128	7	  7.8327
02.янв	128	7	  7.8383
02.янв	128	7	  7.8432
02.янв	128	7	  7.849
02.янв	128	7	  7.8536
02.янв	128	7	  7.8595
02.янв	128	7	  7.8642
02.янв	128	7	  7.8699
02.янв	128	7	  7.8772
02.янв	128	7	  7.8821
02.янв	128	7	  7.8878
02.янв	128	7	  7.8927
02.янв	128	7	  7.8983
02.янв	128	7	  7.9032
02.янв	128	7	  7.909
02.янв	128	7	  7.9136
02.янв	128	7	  7.9195
02.янв	128	7	  7.9242
02.янв	128	7	  7.9308
02.янв	128	7	  7.9363
02.янв	128	7	  7.9411
02.янв	128	7	  7.9469
02.янв	128	7	  7.9515
02.янв	128	7	  7.9632
02.янв	128	7	  7.9691
02.янв	128	7	  7.9737
02.янв	128	7	  7.9807
02.янв	128	7	  7.9858
02.янв	128	7	  7.9912
02.янв	128	7	  7.9969
02.янв	128	7	  8.0015
02.янв	128	7	  8.0072
02.янв	128	7	  8.012
02.янв	128	7	  8.0178
02.янв	128	7	  8.0227
02.янв	128	7	  8.0293
02.янв	128	7	  8.0341
02.янв	128	7	  8.0399
02.янв	128	7	  8.0449
02.янв	128	7	  8.0502
02.янв	128	7	  8.0552
02.янв	128	7	  8.0608
02.янв	128	7	  8.0663
02.янв	128	7	  8.0712
02.янв	128	7	  8.0769
02.янв	128	7	  8.0827
02.янв	128	7	  8.0888
02.янв	128	7	  8.0934
02.янв	128	7	  8.0993
02.янв	128	7	  8.104
02.янв	128	7	  8.1097
02.янв	128	7	  8.1146
02.янв	128	7	  8.12
02.янв	128	7	  8.125
02.янв	128	7	  8.1314
02.янв	128	7	  8.1371
02.янв	128	7	  8.1418
02.янв	128	7	  8.1474
02.янв	128	7	  8.1523
02.янв	128	7	  8.1583
02.янв	128	7	  8.1632
02.янв	128	7	  8.169
02.янв	128	7	  8.1736
02.янв	128	7	  8.1793
02.янв	128	7	  8.185
02.янв	128	7	  8.1906
02.янв	128	7	  8.1957
02.янв	128	7	  8.201
02.янв	128	7	  8.2068
02.янв	128	7	  8.2114
02.янв	128	7	  8.2171
02.янв	128	7	  8.2221
02.янв	128	7	  8.2278
02.янв	128	7	  8.2336
02.янв	128	7	  8.2393
02.янв	128	7	  8.2441
02.янв	128	7	  8.2497
02.янв	128	7	  8.2547
02.янв	128	7	  8.2601
02.янв	128	7	  8.2651
02.янв	128	7	  8.2707
02.янв	128	7	  8.2758
02.янв	128	7	  8.2812
02.янв	128	7	  8.2879
02.янв	128	7	  8.2927
02.янв	128	7	  8.2983
02.янв	128	7	  8.3032
02.янв	128	7	  8.309
02.янв	128	7	  8.3136
02.янв	128	7	  8.3193
02.янв	128	7	  8.3241
02.янв	128	7	  8.3297
02.янв	128	7	  8.3357
02.янв	128	7	  8.3411
02.янв	128	7	  8.3469
02.янв	128	7	  8.3517
02.янв	128	7	  8.3635
02.янв	128	7	  8.3694
02.янв	128	7	  8.3741
02.янв	128	7	  8.38
02.янв	128	7	  8.3867
02.янв	128	7	  8.3914
02.янв	128	7	  8.3971
02.янв	128	7	  8.4021
02.янв	128	7	  8.4078
02.янв	128	7	  8.4127
02.янв	128	7	  8.4183
02.янв	128	7	  8.4232
02.янв	128	7	  8.429
02.янв	128	7	  8.4336
02.янв	128	7	  8.44
02.янв	128	7	  8.445
02.янв	128	7	  8.4506
02.янв	128	7	  8.4553
02.янв	128	7	  8.4611
02.янв	128	7	  8.4669
02.янв	128	7	  8.4715
02.янв	128	7	  8.4772
02.янв	128	7	  8.4822
02.янв	128	7	  8.4891
02.янв	128	7	  8.4937
02.янв	128	7	  8.4994
02.янв	128	7	  8.5041
02.янв	128	7	  8.5097
02.янв	128	7	  8.5147
02.янв	128	7	  8.5203
02.янв	128	7	  8.5252
02.янв	128	7	  8.5308
02.янв	128	7	  8.5373
02.янв	128	7	  8.5421
02.янв	128	7	  8.5478
02.янв	128	7	  8.5527
02.янв	128	7	  8.5583
02.янв	128	7	  8.5632
02.янв	128	7	  8.569
02.янв	128	7	  8.5736
02.янв	128	7	  8.5795
02.янв	128	7	  8.5842
02.янв	128	7	  8.5908
02.янв	128	7	  8.5962
02.янв	128	7	  8.6011
02.янв	128	7	  8.6069
02.янв	128	7	  8.6117
02.янв	128	7	  8.6174
02.янв	128	7	  8.6222
02.янв	128	7	  8.628
02.янв	128	7	  8.6328
02.янв	128	7	  8.6395
02.янв	128	7	  8.6442
02.янв	128	7	  8.6499
02.янв	128	7	  8.6548
02.янв	128	7	  8.6603
02.янв	128	7	  8.6652
02.янв	128	7	  8.6709
02.янв	128	7	  8.6763
02.янв	128	7	  8.6812
02.янв	128	7	  8.6869
02.янв	128	7	  8.6927
02.янв	128	7	  8.6988
02.янв	128	7	  8.7034
02.янв	128	7	  8.7091
02.янв	128	7	  8.7138
02.янв	128	7	  8.7195
02.янв	128	7	  8.7283
02.янв	128	7	  8.7333
02.янв	128	7	  8.7399
02.янв	128	7	  8.7449
02.янв	128	7	  8.7503
02.янв	128	7	  8.7592
02.янв	128	7	  8.7679
02.янв	128	7	  8.7727
02.янв	128	7	  8.7788
02.янв	128	7	  8.7834
02.янв	128	7	  8.7893
02.янв	128	7	  8.795
02.янв	128	7	  8.8007
02.янв	128	7	  8.8058
02.янв	128	7	  8.8111
02.янв	128	7	  8.8168
02.янв	128	7	  8.8216
02.янв	128	7	  8.8274
02.янв	128	7	  8.8322
02.янв	128	7	  8.8379
02.янв	128	7	  8.8436
02.янв	128	7	  8.8493
02.янв	128	7	  8.8541
02.янв	128	7	  8.8597
02.янв	128	7	  8.8647
02.янв	128	7	  8.8712
02.янв	128	7	  8.877
02.янв	128	7	  8.8819
02.янв	128	7	  8.8874
02.янв	128	7	  8.8935
02.янв	128	7	  8.8992
02.янв	128	7	  8.9038
02.янв	128	7	  8.9096
02.янв	128	7	  8.9143
02.янв	128	7	  8.92
02.янв	128	7	  8.925
02.янв	128	7	  8.9307
02.янв	128	7	  8.9358
02.янв	128	7	  8.9412
02.янв	128	7	  8.9478
02.янв	128	7	  8.9527
02.янв	128	7	  8.9583
02.янв	128	7	  8.9632
02.янв	128	7	  8.969
02.янв	128	7	  8.9736
02.янв	128	7	  8.9793
02.янв	128	7	  8.984
02.янв	128	7	  8.9898
02.янв	128	7	  8.9957
02.янв	128	7	  9.0012
02.янв	128	7	  9.0069
02.янв	128	7	  9.0116
02.янв	128	7	  9.0172
02.янв	128	7	  9.022
02.янв	128	7	  9.0277
02.янв	128	7	  9.0326
02.янв	128	7	  9.0382
02.янв	128	7	  9.0432
02.янв	128	7	  9.0496
02.янв	128	7	  9.0546
02.янв	128	7	  9.0602
02.янв	128	7	  9.0652
02.янв	128	7	  9.0708
02.янв	128	7	  9.0763
02.янв	128	7	  9.0812
02.янв	128	7	  9.0869
02.янв	128	7	  9.0915
02.янв	128	7	  9.0983
02.янв	128	7	  9.1032
02.янв	128	7	  9.109
02.янв	128	7	  9.1135
02.янв	128	7	  9.1194
02.янв	128	7	  9.1241
02.янв	128	7	  9.13
02.янв	128	7	  9.135
02.янв	128	7	  9.1404
02.янв	128	7	  9.147
02.янв	128	7	  9.1517
02.янв	128	7	  9.1616
02.янв	128	7	  9.1688
02.янв	128	7	  9.1735
02.янв	128	7	  9.1795
02.янв	128	7	  9.1842
02.янв	128	7	  9.19
02.янв	128	7	  9.195
02.янв	128	7	  9.2013
02.янв	128	7	  9.2071
02.янв	128	7	  9.2118
02.янв	128	7	  9.2174
02.янв	128	7	  9.2223
02.янв	128	7	  9.2281
02.янв	128	7	  9.233
02.янв	128	7	  9.239
02.янв	128	7	  9.2436
02.янв	128	7	  9.2501
02.янв	128	7	  9.255
02.янв	128	7	  9.2608
02.янв	128	7	  9.2663
02.янв	128	7	  9.2712
02.янв	128	7	  9.2769
02.янв	128	7	  9.2815
02.янв	128	7	  9.2872
02.янв	128	7	  9.292
02.янв	128	7	  9.299
02.янв	128	7	  9.3036
02.янв	128	7	  9.3093
02.янв	128	7	  9.3141
02.янв	128	7	  9.3198
02.янв	128	7	  9.3247
02.янв	128	7	  9.3301
02.янв	128	7	  9.3351
02.янв	128	7	  9.3407
02.янв	128	7	  9.3458
02.янв	128	7	  9.3519
02.янв	128	7	  9.3574
02.янв	128	7	  9.3626
02.янв	128	7	  9.3683
02.янв	128	7	  9.3732
02.янв	128	7	  9.379
02.янв	128	7	  9.3836
02.янв	128	7	  9.3894
02.янв	128	7	  9.3942
02.янв	128	7	  9.4008
02.янв	128	7	  9.4063
02.янв	128	7	  9.4112
02.янв	128	7	  9.4169
02.янв	128	7	  9.4217
02.янв	128	7	  9.4274
02.янв	128	7	  9.4322
02.янв	128	7	  9.4381
02.янв	128	7	  9.4429
02.янв	128	7	  9.4487
02.янв	128	7	  9.4542
02.янв	128	7	  9.4601
02.янв	128	7	  9.4651
02.янв	128	7	  9.4708
02.янв	128	7	  9.4758
02.янв	128	7	  9.4812
02.янв	128	7	  9.487
02.янв	128	7	  9.4916
02.янв	128	7	  9.4974
02.янв	128	7	  9.5033
02.янв	128	7	  9.5091
02.янв	128	7	  9.5137
02.янв	128	7	  9.5195
02.янв	128	7	  9.5243
02.янв	128	7	  9.5299
02.янв	128	7	  9.5348
02.янв	128	7	  9.5406
02.янв	128	7	  9.5457
02.янв	128	7	  9.5519
02.янв	128	7	  9.5575
02.янв	128	7	  9.5693
02.янв	128	7	  9.574
02.янв	128	7	  9.5799
02.янв	128	7	  9.5849
02.янв	128	7	  9.5906
02.янв	128	7	  9.5957
02.янв	128	7	  9.6012
02.янв	128	7	  9.6078
02.янв	128	7	  9.6127
02.янв	128	7	  9.6183
02.янв	128	7	  9.6232
02.янв	128	7	  9.6289
02.янв	128	7	  9.6335
02.янв	128	7	  9.6393
02.янв	128	7	  9.644
02.янв	128	7	  9.6498
02.янв	128	7	  9.6558
02.янв	128	7	  9.6612
02.янв	128	7	  9.667
02.янв	128	7	  9.6716
02.янв	128	7	  9.6773
02.янв	128	7	  9.6821
02.янв	128	7	  9.6879
02.янв	128	7	  9.6927
02.янв	128	7	  9.6983
02.янв	128	7	  9.7032
02.янв	128	7	  9.7097
02.янв	128	7	  9.7146
02.янв	128	7	  9.7202
02.янв	128	7	  9.7252
02.янв	128	7	  9.7308
02.янв	128	7	  9.7362
02.янв	128	7	  9.7411
02.янв	128	7	  9.7469
02.янв	128	7	  9.7515
02.янв	128	7	  9.7583
02.янв	128	7	  9.7632
02.янв	128	7	  9.7689
02.янв	128	7	  9.7736
02.янв	128	7	  9.7795
02.янв	128	7	  9.7842
02.янв	128	7	  9.7898
02.янв	128	7	  9.7948
02.янв	128	7	  9.8002
02.янв	128	7	  9.8069
02.янв	128	7	  9.8115
02.янв	128	7	  9.8172
02.янв	128	7	  9.8221
02.янв	128	7	  9.8278
02.янв	128	7	  9.8326
02.янв	128	7	  9.8388
02.янв	128	7	  9.8434
02.янв	128	7	  9.8491
02.янв	128	7	  9.8537
02.янв	128	7	  9.8601
02.янв	128	7	  9.8651
02.янв	128	7	  9.8768
02.янв	128	7	  9.8951
02.янв	128	7	  9.9067
02.янв	128	7	  9.9209
02.янв	128	7	  9.9368
02.янв	128	7	  9.9634
02.янв	128	7	  9.9791
02.янв	128	7	  9.992
02.янв	128	7	  10.0288
