100	0	135	  0.0047
100	0	135	  0.0159
100	0	135	  0.0215
100	1	134	  0.026
100	1	134	  0.0321
100	3	132	  0.0369
100	5	130	  0.0425
100 5   130	  0.047
100	7	128	  0.0526
100	9	126	  0.0573
100	11	124	  0.0628
100	13	122	  0.0674
100	16	119	  0.0734
100	18	117	  0.0779
100	21	114	  0.0845
100	25	110	  0.0893
100	29	106	  0.0946
100	31	104	  0.0995
100	35	100	  0.1048
100	37	98	  0.1096
100	42	93	  0.1149
100	45	90	  0.1197
100	49	86	  0.125
100	53	82	  0.1298
100	57	78	  0.1362
100	61	74	  0.1418
100	65	70	  0.1463
100	70	65	  0.1519
100	75	60	  0.1566
100	79	56	  0.162
100	83	52	  0.1667
100	87	48	  0.1721
100	93	42	  0.1768
100	97	38	  0.1824
100	102	33	  0.188
100	108	27	  0.1938
100	111	24	  0.1983
100	117	18	  0.2042
100	123	12	  0.2096
60	129	6	  0.215
0	135	0	  0.2198
-40	139	-4	  0.2254
-100	145	-10	  0.2304
-100	151	-16	  0.2364
-100	154	-19	  0.242
-100	159	-24	  0.2467
-100	167	-32	  0.2585
-100	169	-34	  0.2645
-100	172	-37	  0.2694
-100	175	-40	  0.2748
-100	176	-41	  0.2797
-100	178	-43	  0.2862
-100	180	-45	  0.2918
-100	181	-46	  0.2965
-100	182	-47	  0.302
-100	183	-48	  0.3067
-100	183	-48	  0.3125
-100	183	-48	  0.3173
-100	183	-48	  0.3229
-100	182	-47	  0.3276
-100	181	-46	  0.3333
-100	180	-45	  0.3387
-100	179	-44	  0.3445
-100	177	-42	  0.3493
-100	175	-40	  0.3546
-100	173	-38	  0.3595
-100	171	-36	  0.3648
-100	169	-34	  0.3697
-100	167	-32	  0.3753
-100	164	-29	  0.38
-100	161	-26	  0.3855
-100	159	-24	  0.3919
-100	155	-20	  0.3965
-100	152	-17	  0.402
-100	149	-14	  0.4068
-100	146	-11	  0.4122
-60	141	-6	  0.4169
-20	137	-2	  0.4225
0	135	0	  0.4273
40	131	4	  0.433
80	127	8	  0.4385
100	124	11	  0.4442
100	121	14	  0.4487
100	119	16	  0.4543
100	116	19	  0.4589
100	115	20	  0.4644
100	113	22	  0.469
100	111	24	  0.4747
100	110	25	  0.4795
100	109	26	  0.4848
100	109	26	  0.4914
100	108	27	  0.4961
100	108	27	  0.5017
100	108	27	  0.5062
100	109	26	  0.5118
100	109	26	  0.5163
100	111	24	  0.5219
100	112	23	  0.5265
100	113	22	  0.5319
100	115	20	  0.5365
100	117	18	  0.5433
100	119	16	  0.5478
100	121	14	  0.5536
100	123	12	  0.5581
90	126	9	  0.5637
70	128	7	  0.5682
40	131	4	  0.5738
20	133	2	  0.5784
-20	137	-2	  0.584
-50	140	-5	  0.5887
-80	143	-8	  0.5949
-100	145	-10	  0.5998
-100	147	-12	  0.6056
-100	149	-14	  0.611
-100	151	-16	  0.6159
-100	152	-17	  0.6215
-100	153	-18	  0.626
-100	153	-18	  0.6316
-100	154	-19	  0.6361
-100	154	-19	  0.6427
-100	154	-19	  0.6474
-100	152	-17	  0.6587
-100	151	-16	  0.6644
-100	150	-15	  0.6693
-100	149	-14	  0.6749
-100	147	-12	  0.6798
-100	145	-10	  0.6855
-80	143	-8	  0.6909
-60	141	-6	  0.6963
-30	138	-3	  0.702
0	135	0	  0.7067
20	133	2	  0.7124
40	131	4	  0.717
60	129	6	  0.7227
80	127	8	  0.7274
100	125	10	  0.7334
100	124	11	  0.7379
100	123	12	  0.7443
100	121	14	  0.7489
100	121	14	  0.7544
100	121	14	  0.759
100	121	14	  0.7645
100	121	14	  0.7694
100	121	14	  0.7746
100	122	13	  0.7795
100	123	12	  0.7847
100	124	11	  0.7896
100	125	10	  0.7959
80	127	8	  0.8016
60	129	6	  0.807
40	131	4	  0.8127
20	133	2	  0.8174
0	135	0	  0.8229
-20	137	-2	  0.8277
-40	139	-4	  0.8334
-60	141	-6	  0.838
-70	142	-7	  0.8443
-80	143	-8	  0.8493
-100	145	-10	  0.8548
-100	145	-10	  0.8597
-100	145	-10	  0.8654
-100	146	-11	  0.8704
-100	145	-10	  0.8755
-100	145	-10	  0.8809
-100	145	-10	  0.8857
-80	143	-8	  0.8913
-80	143	-8	  0.8969
-60	141	-6	  0.9026
-50	140	-5	  0.9074
-30	138	-3	  0.9133
-20	137	-2	  0.9179
0	135	0	  0.9236
20	133	2	  0.928
30	132	3	  0.9337
40	131	4	  0.9383
60	129	6	  0.9439
70	128	7	  0.9495
80	127	8	  0.9548
80	127	8	  0.9597
90	126	9	  0.965
90	126	9	  0.9699
80	127	8	  0.9756
80	127	8	  0.981
80	127	8	  0.9857
60	129	6	  0.991
60	129	6	  0.9969
40	131	4	  1.0025
30	132	3	  1.0073
20	133	2	  1.0128
0	135	0	  1.0174
-20	137	-2	  1.0229
-20	137	-2	  1.0277
-40	139	-4	  1.0335
-40	139	-4	  1.0381
-60	141	-6	  1.0437
-60	141	-6	  1.0494
-70	142	-7	  1.0619
-70	142	-7	  1.0669
-70	142	-7	  1.0727
-60	141	-6	  1.0774
-60	141	-6	  1.0833
-60	141	-6	  1.0878
-40	139	-4	  1.0937
-40	139	-4	  1.0993
-20	137	-2	  1.1046
-20	137	-2	  1.1095
0	135	0	  1.1148
10	134	1	  1.1197
20	133	2	  1.1253
30	132	3	  1.1299
40	131	4	  1.1354
50	130	5	  1.141
60	129	6	  1.1457
60	129	6	  1.1521
60	129	6	  1.157
60	129	6	  1.1626
60	129	6	  1.1672
50	130	5	  1.1727
40	131	4	  1.1774
40	131	4	  1.1829
30	132	3	  1.1876
20	133	2	  1.193
10	134	1	  1.1978
0	135	0	  1.2043
-10	136	-1	  1.2089
-20	137	-2	  1.2146
-30	138	-3	  1.2195
-40	139	-4	  1.2248
-40	139	-4	  1.2297
-40	139	-4	  1.235
-50	140	-5	  1.2399
-50	140	-5	  1.2454
-50	140	-5	  1.2516
-50	140	-5	  1.2563
-40	139	-4	  1.2619
-40	139	-4	  1.2666
-40	139	-4	  1.272
-30	138	-3	  1.2768
-20	137	-2	  1.2825
-20	137	-2	  1.2872
0	135	0	  1.2928
0	135	0	  1.2974
10	134	1	  1.304
20	133	2	  1.3085
20	133	2	  1.3142
30	132	3	  1.3188
40	131	4	  1.3243
40	131	4	  1.329
40	131	4	  1.3346
40	131	4	  1.3395
40	131	4	  1.3448
40	131	4	  1.3497
40	131	4	  1.3558
30	132	3	  1.3614
30	132	3	  1.3659
20	133	2	  1.3715
20	133	2	  1.376
10	134	1	  1.3816
0	135	0	  1.3863
0	135	0	  1.3918
-20	137	-2	  1.3967
-20	137	-2	  1.4035
-20	137	-2	  1.408
-30	138	-3	  1.4136
-30	138	-3	  1.4182
-40	139	-4	  1.4238
-40	139	-4	  1.4283
-40	139	-4	  1.4339
-40	139	-4	  1.4385
-40	139	-4	  1.4441
-30	138	-3	  1.4488
-20	137	-2	  1.4634
-20	137	-2	  1.468
-10	136	-1	  1.4738
0	135	0	  1.4783
0	135	0	  1.4841
10	134	1	  1.4885
20	133	2	  1.4944
20	133	2	  1.499
20	133	2	  1.5054
30	132	3	  1.5104
30	132	3	  1.5157
30	132	3	  1.5214
30	132	3	  1.5259
30	132	3	  1.5315
30	132	3	  1.5359
20	133	2	  1.5415
20	133	2	  1.546
20	133	2	  1.5516
10	134	1	  1.5573
0	135	0	  1.5629
0	135	0	  1.5676
0	135	0	  1.5734
0	135	0	  1.5779
-10	136	-1	  1.5835
-20	137	-2	  1.588
-20	137	-2	  1.5937
-20	137	-2	  1.5982
-20	137	-2	  1.6038
-20	137	-2	  1.6095
-20	137	-2	  1.6148
-20	137	-2	  1.6196
-20	137	-2	  1.6249
-20	137	-2	  1.6298
-20	137	-2	  1.6355
-20	137	-2	  1.6405
-20	137	-2	  1.6458
-10	136	-1	  1.6514
0	135	0	  1.6569
0	135	0	  1.6626
0	135	0	  1.6673
10	134	1	  1.6728
10	134	1	  1.6777
20	133	2	  1.683
20	133	2	  1.6878
20	133	2	  1.6936
20	133	2	  1.6981
20	133	2	  1.7037
20	133	2	  1.7093
20	133	2	  1.7146
20	133	2	  1.7194
10	134	1	  1.7247
10	134	1	  1.7296
0	135	0	  1.7348
0	135	0	  1.7397
0	135	0	  1.7449
0	135	0	  1.7497
-10	136	-1	  1.7554
-20	137	-2	  1.7617
-20	137	-2	  1.7663
-20	137	-2	  1.7718
-20	137	-2	  1.7767
-20	137	-2	  1.7821
-20	137	-2	  1.7868
-20	137	-2	  1.7925
-10	136	-1	  1.797
-10	136	-1	  1.8027
0	135	0	  1.809
0	135	0	  1.8147
0	135	0	  1.8195
0	135	0	  1.8248
10	134	1	  1.8296
10	134	1	  1.8349
10	134	1	  1.8397
20	133	2	  1.845
20	133	2	  1.8498
20	133	2	  1.8609
20	133	2	  1.8681
10	134	1	  1.874
10	134	1	  1.8785
10	134	1	  1.8843
10	134	1	  1.8889
0	135	0	  1.8945
0	135	0	  1.8994
0	135	0	  1.9048
0	135	0	  1.9112
0	135	0	  1.9157
0	135	0	  1.9213
0	135	0	  1.9258
-10	136	-1	  1.9314
-10	136	-1	  1.9361
-20	137	-2	  1.9417
-20	137	-2	  1.9462
-20	137	-2	  1.9518
0	135	0	  1.9657
0	135	0	  1.975
0	135	0	  1.9859
10	134	1	  1.9975
10	134	1	  2.0065
20	133	2	  2.0184
20	133	2	  2.0294
10	134	1	  2.0385
10	134	1	  2.0513
10	134	1	  2.0617
0	135	0	  2.0739
0	135	0	  2.0843
0	135	0	  2.0916
-10	136	-1	  2.0962
-10	136	-1	  2.1018
-10	136	-1	  2.1063
-20	137	-2	  2.1118
-20	137	-2	  2.1167
-10	136	-1	  2.1271
0	135	0	  2.1379
0	135	0	  2.1462
0	135	0	  2.154
0	135	0	  2.159
10	134	1	  2.1684
10	134	1	  2.1743
10	134	1	  2.1788
10	134	1	  2.1843
10	134	1	  2.1898
10	134	1	  2.1954
20	133	2	  2.2
20	133	2	  2.2055
20	133	2	  2.2105
10	134	1	  2.2156
10	134	1	  2.221
10	134	1	  2.2257
10	134	1	  2.2312
10	134	1	  2.2359
10	134	1	  2.2424
10	134	1	  2.247
0	135	0	  2.2526
0	135	0	  2.262
0	135	0	  2.2695
0	135	0	  2.275
0	135	0	  2.2798
0	135	0	  2.2854
0	135	0	  2.2917
0	135	0	  2.2966
0	135	0	  2.302
-10	136	-1	  2.3066
-10	136	-1	  2.3121
-10	136	-1	  2.3168
-10	136	-1	  2.3225
-10	136	-1	  2.327
-10	136	-1	  2.3326
-10	136	-1	  2.3373
-10	136	-1	  2.3439
-10	136	-1	  2.3484
0	135	0	  2.3542
0	135	0	  2.3588
0	135	0	  2.3643
0	135	0	  2.3689
0	135	0	  2.3745
0	135	0	  2.379
0	135	0	  2.3845
0	135	0	  2.3893
0	135	0	  2.3955
0	135	0	  2.4004
0	135	0	  2.4055
0	135	0	  2.4104
0	135	0	  2.4157
0	135	0	  2.4213
0	135	0	  2.426
0	135	0	  2.4316
0	135	0	  2.436
0	135	0	  2.4416
0	135	0	  2.447
-10	136	-1	  2.4527
-10	136	-1	  2.4574
-10	136	-1	  2.4629
-10	136	-1	  2.4678
-10	136	-1	  2.4736
-10	136	-1	  2.478
-10	136	-1	  2.4837
-10	136	-1	  2.4882
0	135	0	  2.4946
0	135	0	  2.4994
0	135	0	  2.5047
0	135	0	  2.5095
0	135	0	  2.5148
0	135	0	  2.5196
0	135	0	  2.5248
0	135	0	  2.5296
0	135	0	  2.535
0	135	0	  2.5398
0	135	0	  2.546
-10	136	-1	  2.5516
-10	136	-1	  2.5563
-10	136	-1	  2.5619
-10	136	-1	  2.5666
-10	136	-1	  2.572
-10	136	-1	  2.5767
-10	136	-1	  2.5821
-10	136	-1	  2.5868
0	135	0	  2.5927
0	135	0	  2.5983
0	135	0	  2.6039
0	135	0	  2.6084
0	135	0	  2.6139
0	135	0	  2.6184
0	135	0	  2.624
0	135	0	  2.6286
0	135	0	  2.6341
0	135	0	  2.6387
0	135	0	  2.6442
-10	136	-1	  2.6498
-10	136	-1	  2.6555
-10	136	-1	  2.6668
-10	136	-1	  2.6726
-10	136	-1	  2.6773
-10	136	-1	  2.6834
-10	136	-1	  2.6879
0	135	0	  2.6937
0	135	0	  2.6993
0	135	0	  2.7046
0	135	0	  2.7109
0	135	0	  2.7158
0	135	0	  2.7214
0	135	0	  2.7259
0	135	0	  2.7314
0	135	0	  2.7359
0	135	0	  2.7415
0	135	0	  2.746
0	135	0	  2.7525
-10	136	-1	  2.757
-10	136	-1	  2.7626
-10	136	-1	  2.7673
-10	136	-1	  2.7733
-10	136	-1	  2.7778
-10	136	-1	  2.7835
-10	136	-1	  2.788
-10	136	-1	  2.7936
-10	136	-1	  2.7989
0	135	0	  2.8045
0	135	0	  2.81
0	135	0	  2.8157
0	135	0	  2.821
0	135	0	  2.8257
0	135	0	  2.831
0	135	0	  2.8358
0	135	0	  2.8413
0	135	0	  2.8458
0	135	0	  2.8524
-10	136	-1	  2.8569
-10	136	-1	  2.8626
-10	136	-1	  2.8673
-10	136	-1	  2.8729
-10	136	-1	  2.8776
-10	136	-1	  2.883
-10	136	-1	  2.8878
-10	136	-1	  2.8936
0	135	0	  2.8981
0	135	0	  2.9044
0	135	0	  2.909
0	135	0	  2.9145
0	135	0	  2.9193
0	135	0	  2.9245
0	135	0	  2.9293
0	135	0	  2.9346
0	135	0	  2.9394
-10	136	-1	  2.9449
-10	136	-1	  2.9513
-10	136	-1	  2.956
-10	136	-1	  2.9616
-10	136	-1	  2.9662
-10	136	-1	  2.9718
-10	136	-1	  2.9763
-10	136	-1	  2.9819
0	135	0	  2.9866
0	135	0	  2.992
0	135	0	  2.9967
0	135	0	  3.0035
0	135	0	  3.0079
0	135	0	  3.0136
0	135	0	  3.018
0	135	0	  3.0236
-10	136	-1	  3.0281
-10	136	-1	  3.0337
-10	136	-1	  3.0382
-10	136	-1	  3.0439
-10	136	-1	  3.0484
-10	136	-1	  3.0547
-10	136	-1	  3.0645
0	135	0	  3.0714
0	135	0	  3.0762
0	135	0	  3.0818
0	135	0	  3.0865
0	135	0	  3.0919
0	135	0	  3.0968
0	135	0	  3.1035
0	135	0	  3.108
0	135	0	  3.1135
-10	136	-1	  3.118
-10	136	-1	  3.1236
-10	136	-1	  3.1281
-10	136	-1	  3.1339
-10	136	-1	  3.1385
-10	136	-1	  3.1441
-10	136	-1	  3.1487
-10	136	-1	  3.155
0	135	0	  3.1598
0	135	0	  3.1654
0	135	0	  3.1699
0	135	0	  3.1754
0	135	0	  3.1799
0	135	0	  3.1855
0	135	0	  3.1904
0	135	0	  3.1957
0	135	0	  3.201
0	135	0	  3.2068
0	135	0	  3.2121
-10	136	-1	  3.2168
-10	136	-1	  3.2224
-10	136	-1	  3.227
-10	136	-1	  3.2326
-10	136	-1	  3.2374
-10	136	-1	  3.2429
-10	136	-1	  3.2477
-10	136	-1	  3.2536
-10	136	-1	  3.259
0	135	0	  3.2645
0	135	0	  3.2693
0	135	0	  3.2745
0	135	0	  3.2793
0	135	0	  3.2846
0	135	0	  3.2894
0	135	0	  3.2947
0	135	0	  3.2995
0	135	0	  3.3057
0	135	0	  3.3113
-10	136	-1	  3.316
-10	136	-1	  3.3216
-10	136	-1	  3.3261
-10	136	-1	  3.3317
-10	136	-1	  3.3365
-10	136	-1	  3.342
-10	136	-1	  3.3467
-10	136	-1	  3.3524
-10	136	-1	  3.358
0	135	0	  3.3636
0	135	0	  3.3681
0	135	0	  3.3738
0	135	0	  3.3783
0	135	0	  3.3839
0	135	0	  3.3883
0	135	0	  3.3939
0	135	0	  3.3983
0	135	0	  3.4039
-10	136	-1	  3.4095
-10	136	-1	  3.4148
-10	136	-1	  3.4197
-10	136	-1	  3.425
-10	136	-1	  3.4298
-10	136	-1	  3.4355
-10	136	-1	  3.4409
-10	136	-1	  3.4457
-10	136	-1	  3.4512
0	135	0	  3.4558
0	135	0	  3.4669
0	135	0	  3.4737
0	135	0	  3.4782
0	135	0	  3.484
0	135	0	  3.4885
0	135	0	  3.4943
0	135	0	  3.4989
0	135	0	  3.5044
0	135	0	  3.5099
0	135	0	  3.5153
0	135	0	  3.5199
0	135	0	  3.5253
0	135	0	  3.5299
0	135	0	  3.5353
-10	136	-1	  3.5399
-10	136	-1	  3.5455
-10	136	-1	  3.5505
-10	136	-1	  3.5558
-10	136	-1	  3.5624
-10	136	-1	  3.5669
-10	136	-1	  3.5726
-10	136	-1	  3.5773
-10	136	-1	  3.5829
0	135	0	  3.5876
0	135	0	  3.5934
0	135	0	  3.5979
0	135	0	  3.6035
0	135	0	  3.6079
0	135	0	  3.6143
0	135	0	  3.6189
0	135	0	  3.6244
0	135	0	  3.629
0	135	0	  3.6344
-10	136	-1	  3.639
-10	136	-1	  3.6445
-10	136	-1	  3.6494
-10	136	-1	  3.6547
-10	136	-1	  3.6596
-10	136	-1	  3.6658
-10	136	-1	  3.6714
-10	136	-1	  3.6761
-10	136	-1	  3.6817
0	135	0	  3.6862
0	135	0	  3.6918
0	135	0	  3.6962
0	135	0	  3.7018
0	135	0	  3.7062
0	135	0	  3.7127
0	135	0	  3.7173
0	135	0	  3.723
0	135	0	  3.7276
-10	136	-1	  3.7334
-10	136	-1	  3.738
-10	136	-1	  3.7436
-10	136	-1	  3.7481
-10	136	-1	  3.7538
-10	136	-1	  3.7583
-10	136	-1	  3.7647
-10	136	-1	  3.7696
0	135	0	  3.7748
0	135	0	  3.7797
0	135	0	  3.7849
0	135	0	  3.7897
0	135	0	  3.7953
0	135	0	  3.7999
0	135	0	  3.806
0	135	0	  3.8116
0	135	0	  3.817
0	135	0	  3.8226
0	135	0	  3.8273
-10	136	-1	  3.8328
-10	136	-1	  3.8374
-10	136	-1	  3.8429
-10	136	-1	  3.8476
-10	136	-1	  3.8536
-10	136	-1	  3.858
-10	136	-1	  3.8697
-10	136	-1	  3.8753
0	135	0	  3.88
0	135	0	  3.8857
0	135	0	  3.891
0	135	0	  3.8958
0	135	0	  3.9013
0	135	0	  3.9058
0	135	0	  3.9114
0	135	0	  3.9172
-10	136	-1	  3.9226
-10	136	-1	  3.9273
-10	136	-1	  3.9329
-10	136	-1	  3.9376
-10	136	-1	  3.9433
-10	136	-1	  3.9478
-10	136	-1	  3.9534
-10	136	-1	  3.9579
-10	136	-1	  3.9636
0	135	0	  3.969
0	135	0	  3.9747
0	135	0	  3.9795
0	135	0	  3.9849
0	135	0	  3.9897
0	135	0	  3.995
0	135	0	  3.9998
0	135	0	  4.0053
0	135	0	  4.0098
-10	136	-1	  4.0153
-10	136	-1	  4.0217
-10	136	-1	  4.0262
-10	136	-1	  4.0318
-10	136	-1	  4.0367
-10	136	-1	  4.0421
-10	136	-1	  4.0468
-10	136	-1	  4.0525
-10	136	-1	  4.057
0	135	0	  4.0626
0	135	0	  4.0682
0	135	0	  4.0738
0	135	0	  4.0782
0	135	0	  4.0838
0	135	0	  4.0884
0	135	0	  4.0942
0	135	0	  4.0988
-10	136	-1	  4.1043
-10	136	-1	  4.1089
-10	136	-1	  4.1146
-10	136	-1	  4.121
-10	136	-1	  4.1257
-10	136	-1	  4.1313
-10	136	-1	  4.1359
-10	136	-1	  4.1415
-10	136	-1	  4.146
0	135	0	  4.1516
0	135	0	  4.1562
0	135	0	  4.1617
0	135	0	  4.1662
0	135	0	  4.1729
0	135	0	  4.1775
0	135	0	  4.1829
0	135	0	  4.1875
0	135	0	  4.1929
0	135	0	  4.1976
-10	136	-1	  4.2029
-10	136	-1	  4.2077
-10	136	-1	  4.2135
-10	136	-1	  4.218
-10	136	-1	  4.2244
-10	136	-1	  4.229
-10	136	-1	  4.2345
-10	136	-1	  4.2394
0	135	0	  4.2448
0	135	0	  4.2496
0	135	0	  4.2549
0	135	0	  4.2597
0	135	0	  4.272
0	135	0	  4.2769
0	135	0	  4.2828
0	135	0	  4.2874
0	135	0	  4.293
0	135	0	  4.2977
0	135	0	  4.303
-10	136	-1	  4.3078
-10	136	-1	  4.3134
-10	136	-1	  4.3179
-10	136	-1	  4.3243
-10	136	-1	  4.3336
-10	136	-1	  4.3382
-10	136	-1	  4.3438
-10	136	-1	  4.3483
0	135	0	  4.3539
0	135	0	  4.3584
0	135	0	  4.364
0	135	0	  4.3685
0	135	0	  4.3749
0	135	0	  4.3797
0	135	0	  4.385
0	135	0	  4.3898
0	135	0	  4.3955
0	135	0	  4.4005
0	135	0	  4.4056
0	135	0	  4.4109
0	135	0	  4.4157
0	135	0	  4.421
0	135	0	  4.4267
0	135	0	  4.4321
-10	136	-1	  4.4367
-10	136	-1	  4.4421
-10	136	-1	  4.4468
-10	136	-1	  4.4527
-10	136	-1	  4.4574
-10	136	-1	  4.4629
-10	136	-1	  4.4677
-10	136	-1	  4.4741
0	135	0	  4.4787
0	135	0	  4.4843
0	135	0	  4.4888
0	135	0	  4.4943
0	135	0	  4.4989
0	135	0	  4.5046
0	135	0	  4.5094
0	135	0	  4.5148
0	135	0	  4.5197
0	135	0	  4.5259
0	135	0	  4.5315
0	135	0	  4.5359
0	135	0	  4.5415
0	135	0	  4.546
0	135	0	  4.5515
-10	136	-1	  4.556
-10	136	-1	  4.5616
-10	136	-1	  4.5661
-10	136	-1	  4.5717
-10	136	-1	  4.5778
-10	136	-1	  4.5834
-10	136	-1	  4.5879
-10	136	-1	  4.5935
-10	136	-1	  4.598
0	135	0	  4.6037
0	135	0	  4.6081
0	135	0	  4.6137
0	135	0	  4.6182
0	135	0	  4.6238
0	135	0	  4.6294
0	135	0	  4.6348
0	135	0	  4.6397
0	135	0	  4.645
0	135	0	  4.6497
0	135	0	  4.655
0	135	0	  4.6598
0	135	0	  4.6718
0	135	0	  4.6778
0	135	0	  4.6836
0	135	0	  4.6881
0	135	0	  4.6939
0	135	0	  4.6984
0	135	0	  4.704
-10	136	-1	  4.7085
-10	136	-1	  4.7141
-10	136	-1	  4.7188
-10	136	-1	  4.7243
-10	136	-1	  4.7299
-10	136	-1	  4.7354
-10	136	-1	  4.7404
-10	136	-1	  4.7456
-10	136	-1	  4.7509
0	135	0	  4.7558
0	135	0	  4.7614
0	135	0	  4.7661
0	135	0	  4.7716
0	135	0	  4.7761
0	135	0	  4.7827
0	135	0	  4.7873
0	135	0	  4.7928
0	135	0	  4.7974
-10	136	-1	  4.8029
-10	136	-1	  4.8084
-10	136	-1	  4.8143
-10	136	-1	  4.8189
-10	136	-1	  4.8244
-10	136	-1	  4.83
-10	136	-1	  4.8355
-10	136	-1	  4.8405
0	135	0	  4.8457
0	135	0	  4.851
0	135	0	  4.8557
0	135	0	  4.861
0	135	0	  4.8657
0	135	0	  4.871
0	135	0	  4.8758
0	135	0	  4.8821
0	135	0	  4.8868
0	135	0	  4.8921
0	135	0	  4.897
0	135	0	  4.9025
-10	136	-1	  4.907
-10	136	-1	  4.9128
-10	136	-1	  4.9174
-10	136	-1	  4.9229
-10	136	-1	  4.9276
-10	136	-1	  4.9342
-10	136	-1	  4.9388
-10	136	-1	  4.9443
-10	136	-1	  4.9489
0	135	0	  4.9544
0	135	0	  4.959
0	135	0	  4.9645
0	135	0	  4.9694
0	135	0	  4.9746
0	135	0	  4.9794
0	135	0	  4.9857
0	135	0	  4.991
-10	136	-1	  4.9958
-10	136	-1	  5.0015
-10	136	-1	  5.006
-10	136	-1	  5.0116
-10	136	-1	  5.0161
-10	136	-1	  5.0217
-10	136	-1	  5.0265
-10	136	-1	  5.0329
-10	136	-1	  5.0376
0	135	0	  5.043
0	135	0	  5.0478
0	135	0	  5.0535
0	135	0	  5.058
0	135	0	  5.0635
0	135	0	  5.0747
0	135	0	  5.0795
0	135	0	  5.0859
0	135	0	  5.0914
0	135	0	  5.0961
0	135	0	  5.1017
-10	136	-1	  5.1062
-10	136	-1	  5.1118
-10	136	-1	  5.1167
-10	136	-1	  5.1221
-10	136	-1	  5.1268
-10	136	-1	  5.1325
-10	136	-1	  5.1381
-10	136	-1	  5.1438
-10	136	-1	  5.1483
0	135	0	  5.1541
0	135	0	  5.1585
0	135	0	  5.1641
0	135	0	  5.1687
0	135	0	  5.1744
0	135	0	  5.1789
0	135	0	  5.1854
0	135	0	  5.19
0	135	0	  5.1955
0	135	0	  5.2
0	135	0	  5.2055
-10	136	-1	  5.2104
-10	136	-1	  5.2162
-10	136	-1	  5.2218
-10	136	-1	  5.2263
-10	136	-1	  5.2318
-10	136	-1	  5.2379
-10	136	-1	  5.2435
-10	136	-1	  5.2481
-10	136	-1	  5.2537
0	135	0	  5.2582
0	135	0	  5.2639
0	135	0	  5.2683
0	135	0	  5.2739
0	135	0	  5.2784
0	135	0	  5.2842
0	135	0	  5.2898
0	135	0	  5.2954
0	135	0	  5.3
0	135	0	  5.3055
-10	136	-1	  5.3104
-10	136	-1	  5.3156
-10	136	-1	  5.3209
-10	136	-1	  5.3257
-10	136	-1	  5.3314
-10	136	-1	  5.3369
-10	136	-1	  5.3425
-10	136	-1	  5.347
-10	136	-1	  5.3528
0	135	0	  5.3575
0	135	0	  5.3629
0	135	0	  5.3676
0	135	0	  5.3729
0	135	0	  5.3777
0	135	0	  5.3833
0	135	0	  5.3886
0	135	0	  5.3942
0	135	0	  5.3987
-10	136	-1	  5.4042
-10	136	-1	  5.4089
-10	136	-1	  5.4146
-10	136	-1	  5.4194
-10	136	-1	  5.4248
-10	136	-1	  5.4296
-10	136	-1	  5.4349
-10	136	-1	  5.4415
-10	136	-1	  5.446
0	135	0	  5.4517
0	135	0	  5.4562
0	135	0	  5.4617
0	135	0	  5.4709
0	135	0	  5.4778
0	135	0	  5.4835
0	135	0	  5.4888
0	135	0	  5.4945
0	135	0	  5.4993
0	135	0	  5.5047
0	135	0	  5.5096
0	135	0	  5.5148
0	135	0	  5.5196
0	135	0	  5.5248
0	135	0	  5.5296
0	135	0	  5.5353
-10	136	-1	  5.5416
-10	136	-1	  5.5463
-10	136	-1	  5.5519
-10	136	-1	  5.5565
-10	136	-1	  5.562
-10	136	-1	  5.5667
-10	136	-1	  5.5724
-10	136	-1	  5.5769
0	135	0	  5.5827
0	135	0	  5.5873
0	135	0	  5.5939
0	135	0	  5.5983
0	135	0	  5.6039
0	135	0	  5.6084
0	135	0	  5.614
0	135	0	  5.6185
0	135	0	  5.6241
-10	136	-1	  5.6287
-10	136	-1	  5.6342
-10	136	-1	  5.6388
-10	136	-1	  5.6453
-10	136	-1	  5.65
-10	136	-1	  5.6557
-10	136	-1	  5.6613
-10	136	-1	  5.6658
0	135	0	  5.6714
0	135	0	  5.6761
0	135	0	  5.6816
0	135	0	  5.6861
0	135	0	  5.6925
0	135	0	  5.697
0	135	0	  5.7025
0	135	0	  5.707
0	135	0	  5.7128
0	135	0	  5.7174
-10	136	-1	  5.7229
-10	136	-1	  5.7276
-10	136	-1	  5.7333
-10	136	-1	  5.7378
-10	136	-1	  5.7442
-10	136	-1	  5.7488
-10	136	-1	  5.7544
-10	136	-1	  5.7593
-10	136	-1	  5.7646
0	135	0	  5.7694
0	135	0	  5.7749
0	135	0	  5.7797
0	135	0	  5.7849
0	135	0	  5.7897
0	135	0	  5.7959
0	135	0	  5.8014
0	135	0	  5.8069
0	135	0	  5.8125
0	135	0	  5.817
-10	136	-1	  5.8226
-10	136	-1	  5.8273
-10	136	-1	  5.833
-10	136	-1	  5.8377
-10	136	-1	  5.8434
-10	136	-1	  5.8487
-10	136	-1	  5.8543
-10	136	-1	  5.8589
-10	136	-1	  5.8645
0	135	0	  5.8758
0	135	0	  5.8813
0	135	0	  5.886
0	135	0	  5.8915
0	135	0	  5.8975
0	135	0	  5.9034
0	135	0	  5.9078
0	135	0	  5.9134
0	135	0	  5.9179
0	135	0	  5.9234
0	135	0	  5.9279
0	135	0	  5.9337
0	135	0	  5.9382
0	135	0	  5.9437
0	135	0	  5.9493
0	135	0	  5.9547
0	135	0	  5.9595
0	135	0	  5.9648
0	135	0	  5.9696
0	135	0	  5.9749
0	135	0	  5.9797
0	135	0	  5.9849
0	135	0	  5.9897
0	135	0	  5.995
0	135	0	  6.0016
0	135	0	  6.006
0	135	0	  6.0116
0	135	0	  6.0162
0	135	0	  6.0218
0	135	0	  6.0263
0	135	0	  6.0318
0	135	0	  6.0363
0	135	0	  6.0419
0	135	0	  6.0477
0	135	0	  6.0533
0	135	0	  6.0578
0	135	0	  6.0635
0	135	0	  6.068
0	135	0	  6.0737
0	135	0	  6.0783
0	135	0	  6.0838
0	135	0	  6.0883
0	135	0	  6.0939
0	135	0	  6.0994
0	135	0	  6.1047
0	135	0	  6.1095
0	135	0	  6.1148
0	135	0	  6.1195
0	135	0	  6.1248
0	135	0	  6.1297
0	135	0	  6.1353
0	135	0	  6.1398
0	135	0	  6.1453
0	135	0	  6.1516
0	135	0	  6.1561
0	135	0	  6.1616
0	135	0	  6.1661
0	135	0	  6.1716
0	135	0	  6.176
0	135	0	  6.1816
0	135	0	  6.186
0	135	0	  6.1916
0	135	0	  6.1964
0	135	0	  6.203
0	135	0	  6.2076
0	135	0	  6.213
0	135	0	  6.2177
0	135	0	  6.2233
0	135	0	  6.2278
0	135	0	  6.2334
0	135	0	  6.2378
0	135	0	  6.2434
0	135	0	  6.2479
0	135	0	  6.2544
0	135	0	  6.2589
0	135	0	  6.2644
0	135	0	  6.2746
0	135	0	  6.2809
0	135	0	  6.2858
0	135	0	  6.2913
0	135	0	  6.296
0	135	0	  6.3027
0	135	0	  6.3073
0	135	0	  6.3129
0	135	0	  6.3176
0	135	0	  6.3234
0	135	0	  6.3279
0	135	0	  6.3335
0	135	0	  6.3379
0	135	0	  6.3435
0	135	0	  6.3479
0	135	0	  6.3543
0	135	0	  6.3588
0	135	0	  6.3643
0	135	0	  6.3689
0	135	0	  6.3746
0	135	0	  6.3794
0	135	0	  6.3846
0	135	0	  6.3894
0	135	0	  6.3947
0	135	0	  6.3995
0	135	0	  6.4058
0	135	0	  6.4113
0	135	0	  6.4158
0	135	0	  6.4214
0	135	0	  6.4259
0	135	0	  6.4315
0	135	0	  6.4361
0	135	0	  6.4417
0	135	0	  6.4461
0	135	0	  6.4517
0	135	0	  6.4575
0	135	0	  6.4629
0	135	0	  6.4677
0	135	0	  6.4759
0	135	0	  6.4846
0	135	0	  6.4894
0	135	0	  6.4948
0	135	0	  6.4996
0	135	0	  6.5059
0	135	0	  6.5114
0	135	0	  6.5159
0	135	0	  6.5214
0	135	0	  6.5295
0	135	0	  6.5348
0	135	0	  6.5396
0	135	0	  6.5449
0	135	0	  6.5497
0	135	0	  6.5561
0	135	0	  6.5617
0	135	0	  6.5661
0	135	0	  6.5717
0	135	0	  6.5762
0	135	0	  6.5817
0	135	0	  6.5865
0	135	0	  6.592
0	135	0	  6.5966
0	135	0	  6.602
0	135	0	  6.6077
0	135	0	  6.6135
0	135	0	  6.618
0	135	0	  6.6235
0	135	0	  6.628
0	135	0	  6.6335
0	135	0	  6.638
0	135	0	  6.6435
0	135	0	  6.648
0	135	0	  6.6535
0	135	0	  6.6588
0	135	0	  6.6644
0	135	0	  6.6744
0	135	0	  6.6814
0	135	0	  6.6861
0	135	0	  6.6916
0	135	0	  6.6963
0	135	0	  6.7018
0	135	0	  6.7077
0	135	0	  6.7135
0	135	0	  6.7179
0	135	0	  6.7235
0	135	0	  6.728
0	135	0	  6.7337
0	135	0	  6.7382
0	135	0	  6.7438
0	135	0	  6.7483
0	135	0	  6.7539
0	135	0	  6.7593
0	135	0	  6.7646
0	135	0	  6.7694
0	135	0	  6.7746
0	135	0	  6.7795
0	135	0	  6.7847
0	135	0	  6.7897
0	135	0	  6.7953
0	135	0	  6.7998
0	135	0	  6.806
0	135	0	  6.8126
0	135	0	  6.817
0	135	0	  6.8227
0	135	0	  6.8273
0	135	0	  6.8328
0	135	0	  6.8374
0	135	0	  6.8433
0	135	0	  6.8478
0	135	0	  6.8535
0	135	0	  6.8579
0	135	0	  6.8643
0	135	0	  6.8688
0	135	0	  6.8743
0	135	0	  6.8789
0	135	0	  6.8843
0	135	0	  6.8889
0	135	0	  6.8944
0	135	0	  6.8989
0	135	0	  6.9045
0	135	0	  6.909
0	135	0	  6.9157
0	135	0	  6.921
0	135	0	  6.9257
0	135	0	  6.9312
0	135	0	  6.9357
0	135	0	  6.941
0	135	0	  6.9457
0	135	0	  6.951
0	135	0	  6.9598
0	135	0	  6.9757
0	135	0	  6.9854
0	135	0	  6.995
0	135	0	  7.006
0	135	0	  7.018
0	135	0	  7.0266
0	135	0	  7.0381
0	135	0	  7.0489
0	135	0	  7.0597
0	135	0	  7.075
0	135	0	  7.087
0	135	0	  7.0962
0	135	0	  7.1017
0	135	0	  7.1066
0	135	0	  7.112
0	135	0	  7.1167
0	135	0	  7.122
0	135	0	  7.1267
0	135	0	  7.1321
0	135	0	  7.146
0	135	0	  7.1565
0	135	0	  7.1639
0	135	0	  7.1688
0	135	0	  7.1743
0	135	0	  7.1789
0	135	0	  7.1844
0	135	0	  7.1889
0	135	0	  7.1944
0	135	0	  7.2
0	135	0	  7.2055
0	135	0	  7.2104
0	135	0	  7.2157
0	135	0	  7.221
0	135	0	  7.2257
0	135	0	  7.231
0	135	0	  7.2359
0	135	0	  7.2414
0	135	0	  7.2468
0	135	0	  7.2522
0	135	0	  7.2568
0	135	0	  7.2621
0	135	0	  7.2668
0	135	0	  7.2721
0	135	0	  7.2769
0	135	0	  7.2826
0	135	0	  7.2873
0	135	0	  7.2928
0	135	0	  7.2983
0	135	0	  7.3039
0	135	0	  7.3084
0	135	0	  7.314
0	135	0	  7.3184
0	135	0	  7.324
0	135	0	  7.3285
0	135	0	  7.3343
0	135	0	  7.3388
0	135	0	  7.3443
0	135	0	  7.3499
0	135	0	  7.3554
0	135	0	  7.3599
0	135	0	  7.3655
0	135	0	  7.3705
0	135	0	  7.3756
0	135	0	  7.3809
0	135	0	  7.3857
0	135	0	  7.391
0	135	0	  7.3958
0	135	0	  7.4021
0	135	0	  7.4067
0	135	0	  7.4121
0	135	0	  7.4168
0	135	0	  7.4221
0	135	0	  7.4268
0	135	0	  7.4321
0	135	0	  7.4368
0	135	0	  7.4421
0	135	0	  7.4468
0	135	0	  7.4537
0	135	0	  7.4581
0	135	0	  7.4637
0	135	0	  7.4682
0	135	0	  7.4789
0	135	0	  7.4845
0	135	0	  7.4894
0	135	0	  7.4949
0	135	0	  7.5014
0	135	0	  7.506
0	135	0	  7.5115
0	135	0	  7.5162
0	135	0	  7.5218
0	135	0	  7.5262
0	135	0	  7.5318
0	135	0	  7.5362
0	135	0	  7.5418
0	135	0	  7.5463
0	135	0	  7.5529
0	135	0	  7.5576
0	135	0	  7.563
0	135	0	  7.5677
0	135	0	  7.5735
0	135	0	  7.578
0	135	0	  7.5835
0	135	0	  7.588
0	135	0	  7.5935
0	135	0	  7.598
0	135	0	  7.6041
0	135	0	  7.6087
0	135	0	  7.6142
0	135	0	  7.6188
0	135	0	  7.6244
0	135	0	  7.629
0	135	0	  7.6347
0	135	0	  7.6395
0	135	0	  7.6447
0	135	0	  7.6495
0	135	0	  7.6558
0	135	0	  7.6613
0	135	0	  7.6658
0	135	0	  7.6714
0	135	0	  7.6759
0	135	0	  7.6814
0	135	0	  7.6859
0	135	0	  7.6914
0	135	0	  7.6961
0	135	0	  7.7017
0	135	0	  7.7072
0	135	0	  7.7127
0	135	0	  7.7173
0	135	0	  7.7237
0	135	0	  7.7282
0	135	0	  7.7338
0	135	0	  7.7382
0	135	0	  7.7438
0	135	0	  7.7483
0	135	0	  7.7547
0	135	0	  7.7596
0	135	0	  7.7648
0	135	0	  7.7696
0	135	0	  7.7748
0	135	0	  7.7797
0	135	0	  7.7849
0	135	0	  7.7897
0	135	0	  7.795
0	135	0	  7.7998
0	135	0	  7.8069
0	135	0	  7.8128
0	135	0	  7.8174
0	135	0	  7.8229
0	135	0	  7.8275
0	135	0	  7.8329
0	135	0	  7.8376
0	135	0	  7.8429
0	135	0	  7.8476
0	135	0	  7.853
0	135	0	  7.8585
0	135	0	  7.8641
0	135	0	  7.8687
0	135	0	  7.879
0	135	0	  7.8856
0	135	0	  7.891
0	135	0	  7.8958
0	135	0	  7.9014
0	135	0	  7.9069
0	135	0	  7.9125
0	135	0	  7.917
0	135	0	  7.9225
0	135	0	  7.927
0	135	0	  7.9328
0	135	0	  7.9374
0	135	0	  7.9429
0	135	0	  7.9475
0	135	0	  7.9529
0	135	0	  7.9584
0	135	0	  7.9641
0	135	0	  7.9685
0	135	0	  7.9741
0	135	0	  7.9787
0	135	0	  7.9842
0	135	0	  7.9888
0	135	0	  7.9944
0	135	0	  7.999
0	135	0	  8.0045
0	135	0	  8.0105
0	135	0	  8.0158
0	135	0	  8.0213
0	135	0	  8.0258
0	135	0	  8.0314
0	135	0	  8.0359
0	135	0	  8.0414
0	135	0	  8.0459
0	135	0	  8.0514
0	135	0	  8.0561
0	135	0	  8.0626
0	135	0	  8.067
0	135	0	  8.0726
0	135	0	  8.0773
0	135	0	  8.0828
0	135	0	  8.0873
0	135	0	  8.0929
0	135	0	  8.0975
0	135	0	  8.1029
0	135	0	  8.1076
0	135	0	  8.1141
0	135	0	  8.1187
0	135	0	  8.1242
0	135	0	  8.1288
0	135	0	  8.1343
0	135	0	  8.1389
0	135	0	  8.1445
0	135	0	  8.1494
0	135	0	  8.1546
0	135	0	  8.1604
0	135	0	  8.1655
0	135	0	  8.1705
0	135	0	  8.1757
0	135	0	  8.1813
0	135	0	  8.1858
0	135	0	  8.1914
0	135	0	  8.1959
0	135	0	  8.2014
0	135	0	  8.2059
0	135	0	  8.2122
0	135	0	  8.2168
0	135	0	  8.2225
0	135	0	  8.2269
0	135	0	  8.2327
0	135	0	  8.2374
0	135	0	  8.2428
0	135	0	  8.2475
0	135	0	  8.2529
0	135	0	  8.2576
0	135	0	  8.2639
0	135	0	  8.2683
0	135	0	  8.2786
0	135	0	  8.285
0	135	0	  8.2898
0	135	0	  8.2956
0	135	0	  8.3009
0	135	0	  8.3058
0	135	0	  8.3113
0	135	0	  8.3168
0	135	0	  8.3221
0	135	0	  8.3268
0	135	0	  8.3321
0	135	0	  8.3368
0	135	0	  8.3421
0	135	0	  8.3468
0	135	0	  8.3521
0	135	0	  8.3569
0	135	0	  8.3636
0	135	0	  8.3681
0	135	0	  8.3738
0	135	0	  8.3782
0	135	0	  8.3838
0	135	0	  8.3883
0	135	0	  8.3939
0	135	0	  8.3983
0	135	0	  8.4041
0	135	0	  8.4086
0	135	0	  8.415
0	135	0	  8.4198
0	135	0	  8.4253
0	135	0	  8.4298
0	135	0	  8.4353
0	135	0	  8.4399
0	135	0	  8.4454
0	135	0	  8.4499
0	135	0	  8.4553
0	135	0	  8.4599
0	135	0	  8.4661
0	135	0	  8.4717
0	135	0	  8.4763
0	135	0	  8.4819
0	135	0	  8.4865
0	135	0	  8.4919
0	135	0	  8.4966
0	135	0	  8.502
0	135	0	  8.5066
0	135	0	  8.512
0	135	0	  8.5178
0	135	0	  8.5234
0	135	0	  8.5279
0	135	0	  8.5336
0	135	0	  8.5381
0	135	0	  8.5437
0	135	0	  8.5481
0	135	0	  8.5537
0	135	0	  8.5582
0	135	0	  8.5638
0	135	0	  8.5694
0	135	0	  8.5747
0	135	0	  8.5795
0	135	0	  8.5848
0	135	0	  8.5896
0	135	0	  8.5949
0	135	0	  8.5997
0	135	0	  8.605
0	135	0	  8.6098
0	135	0	  8.6153
0	135	0	  8.6217
0	135	0	  8.6261
0	135	0	  8.6317
0	135	0	  8.6362
0	135	0	  8.6418
0	135	0	  8.6462
0	135	0	  8.6518
0	135	0	  8.6565
0	135	0	  8.6619
0	135	0	  8.6668
0	135	0	  8.6735
0	135	0	  8.6847
0	135	0	  8.6896
0	135	0	  8.6949
0	135	0	  8.6998
0	135	0	  8.7053
0	135	0	  8.7099
0	135	0	  8.7155
0	135	0	  8.7218
0	135	0	  8.7263
0	135	0	  8.7318
0	135	0	  8.7362
0	135	0	  8.7418
0	135	0	  8.7463
0	135	0	  8.7518
0	135	0	  8.7563
0	135	0	  8.7618
0	135	0	  8.7662
0	135	0	  8.7734
0	135	0	  8.7778
0	135	0	  8.7834
0	135	0	  8.7878
0	135	0	  8.7935
0	135	0	  8.798
0	135	0	  8.8036
0	135	0	  8.8088
0	135	0	  8.8144
0	135	0	  8.8189
0	135	0	  8.8253
0	135	0	  8.8298
0	135	0	  8.8355
0	135	0	  8.8405
0	135	0	  8.8456
0	135	0	  8.8505
0	135	0	  8.8556
0	135	0	  8.8609
0	135	0	  8.8657
0	135	0	  8.8719
0	135	0	  8.8765
0	135	0	  8.8819
0	135	0	  8.8865
0	135	0	  8.892
0	135	0	  8.8968
0	135	0	  8.9058
0	135	0	  8.9114
0	135	0	  8.9158
0	135	0	  8.922
0	135	0	  8.9269
0	135	0	  8.9325
0	135	0	  8.937
0	135	0	  8.9425
0	135	0	  8.947
0	135	0	  8.9528
0	135	0	  8.9574
0	135	0	  8.9629
0	135	0	  8.9676
0	135	0	  8.974
0	135	0	  8.9785
0	135	0	  8.9841
0	135	0	  8.9885
0	135	0	  8.9941
0	135	0	  8.9987
0	135	0	  9.0042
0	135	0	  9.0087
0	135	0	  9.0144
0	135	0	  9.019
0	135	0	  9.0254
0	135	0	  9.0299
0	135	0	  9.0355
0	135	0	  9.0405
0	135	0	  9.0456
0	135	0	  9.0509
0	135	0	  9.0558
0	135	0	  9.0614
0	135	0	  9.0659
0	135	0	  9.0714
0	135	0	  9.0839
0	135	0	  9.0884
0	135	0	  9.0942
0	135	0	  9.0988
0	135	0	  9.1045
0	135	0	  9.1092
0	135	0	  9.1147
0	135	0	  9.1195
0	135	0	  9.1258
0	135	0	  9.1313
0	135	0	  9.136
0	135	0	  9.1415
0	135	0	  9.146
0	135	0	  9.1516
0	135	0	  9.1561
0	135	0	  9.1616
0	135	0	  9.1661
0	135	0	  9.1716
0	135	0	  9.1773
0	135	0	  9.1829
0	135	0	  9.1877
0	135	0	  9.1935
0	135	0	  9.1979
0	135	0	  9.2035
0	135	0	  9.208
0	135	0	  9.2135
0	135	0	  9.218
0	135	0	  9.2235
0	135	0	  9.2288
0	135	0	  9.2343
0	135	0	  9.2389
0	135	0	  9.2444
0	135	0	  9.2489
0	135	0	  9.2546
0	135	0	  9.2594
0	135	0	  9.2647
0	135	0	  9.2694
0	135	0	  9.2747
0	135	0	  9.281
0	135	0	  9.2857
0	135	0	  9.2913
0	135	0	  9.2958
0	135	0	  9.3014
0	135	0	  9.3058
0	135	0	  9.3114
0	135	0	  9.3161
0	135	0	  9.3217
0	135	0	  9.3262
0	135	0	  9.3329
0	135	0	  9.3375
0	135	0	  9.3429
0	135	0	  9.3476
0	135	0	  9.3529
0	135	0	  9.3577
0	135	0	  9.3632
0	135	0	  9.3678
0	135	0	  9.3735
0	135	0	  9.3788
0	135	0	  9.3843
0	135	0	  9.3888
0	135	0	  9.3943
0	135	0	  9.3989
0	135	0	  9.4044
0	135	0	  9.4089
0	135	0	  9.4144
0	135	0	  9.419
0	135	0	  9.4245
0	135	0	  9.4304
0	135	0	  9.4357
0	135	0	  9.441
0	135	0	  9.4459
0	135	0	  9.4514
0	135	0	  9.4559
0	135	0	  9.4615
0	135	0	  9.466
0	135	0	  9.4715
0	135	0	  9.476
0	135	0	  9.4883
0	135	0	  9.4941
0	135	0	  9.4986
0	135	0	  9.5043
0	135	0	  9.5088
0	135	0	  9.5145
0	135	0	  9.5193
0	135	0	  9.5246
0	135	0	  9.5294
0	135	0	  9.5357
0	135	0	  9.541
0	135	0	  9.5457
0	135	0	  9.5513
0	135	0	  9.5559
0	135	0	  9.5614
0	135	0	  9.5659
0	135	0	  9.5715
0	135	0	  9.5761
0	135	0	  9.5827
0	135	0	  9.5873
0	135	0	  9.5928
0	135	0	  9.5974
0	135	0	  9.6029
0	135	0	  9.6076
0	135	0	  9.6134
0	135	0	  9.6178
0	135	0	  9.6234
0	135	0	  9.6278
0	135	0	  9.6342
0	135	0	  9.6387
0	135	0	  9.6443
0	135	0	  9.6488
0	135	0	  9.6543
0	135	0	  9.6589
0	135	0	  9.6645
0	135	0	  9.6693
0	135	0	  9.6747
0	135	0	  9.6795
0	135	0	  9.6858
0	135	0	  9.6914
0	135	0	  9.6959
0	135	0	  9.7014
0	135	0	  9.7061
0	135	0	  9.7116
0	135	0	  9.716
0	135	0	  9.7216
0	135	0	  9.7261
0	135	0	  9.7316
0	135	0	  9.7374
0	135	0	  9.7429
0	135	0	  9.7476
0	135	0	  9.753
0	135	0	  9.7576
0	135	0	  9.7633
0	135	0	  9.7677
0	135	0	  9.7732
0	135	0	  9.7778
0	135	0	  9.7834
0	135	0	  9.7887
0	135	0	  9.7944
0	135	0	  9.799
0	135	0	  9.8045
0	135	0	  9.81
0	135	0	  9.8155
0	135	0	  9.8204
0	135	0	  9.8255
0	135	0	  9.83
0	135	0	  9.8365
0	135	0	  9.842
0	135	0	  9.8466
0	135	0	  9.852
0	135	0	  9.8568
0	135	0	  9.8624
0	135	0	  9.8669
0	135	0	  9.8725
0	135	0	  9.877
0	135	0	  9.8896
0	135	0	  9.895
0	135	0	  9.8998
0	135	0	  9.9055
0	135	0	  9.91
0	135	0	  9.9157
0	135	0	  9.9213
0	135	0	  9.9258
0	135	0	  9.9313
0	135	0	  9.9358
0	135	0	  9.9421
0	135	0	  9.9468
0	135	0	  9.9521
0	135	0	  9.9568
0	135	0	  9.9621
0	135	0	  9.967
0	135	0	  9.9728
0	135	0	  9.9774
0	135	0	  9.9829
0	135	0	  9.9883
0	135	0	  9.9941
0	135	0	  9.9985
0	135	0	  10.0041
