43.875, 0, 135,  1711553642.13
50.625, 0, 135,  1711553642.1365
55.75, 5, 130,  1711553642.1278
61.275000000000006, 8, 127,  1711553642.1325
66.65, 11, 124,  1711553642.1332
71.225, 16, 119,  1711553642.1366
75.875, 20, 115,  1711553642.1348
80.0, 25, 110,  1711553642.1353
83.55000000000001, 31, 104,  1711553642.1357
86.80000000000001, 37, 98,  1711553642.1365
89.42500000000001, 44, 91,  1711553642.1365
91.375, 52, 83,  1711553642.1339
92.92500000000001, 60, 75,  1711553642.1338
93.42500000000001, 70, 65,  1711553642.1348
93.42500000000001, 80, 55,  1711553642.1352
93.25000000000001, 89, 46,  1711553642.1333
91.97500000000002, 100, 35,  1711553642.1338
88.20000000000003, 117, 18,  1711553642.1226
82.92500000000003, 136, -1,  1711553642.1286
75.07500000000002, 160, -25,  1711553642.1221
63.425000000000026, 192, -57,  1711553642.1287
53.10000000000002, 215, -80,  1711553642.1307
45.52500000000002, 226, -91,  1711553642.1277
33.825000000000024, 248, -113,  1711553642.13
22.65000000000002, 265, -130,  1711553642.1273
10.625000000000021, 282, -147,  1711553642.1317
-0.9499999999999744, 295, -160,  1711553642.1322
-11.874999999999972, 304, -169,  1711553642.1307
-22.924999999999976, 312, -177,  1711553642.1332
-34.04999999999997, 319, -184,  1711553642.1312
-45.199999999999974, 325, -190,  1711553642.1315
-56.324999999999974, 330, -195,  1711553642.13
-67.04999999999997, 333, -198,  1711553642.1335
-77.27499999999998, 334, -199,  1711553642.1299
-87.22499999999997, 334, -199,  1711553642.131
-96.84999999999997, 333, -198,  1711553642.1287
-100, 328, -193,  1711553642.1308
-100, 324, -189,  1711553642.1305
-100, 312, -177,  1711553642.1192
-100, 299, -164,  1711553642.1313
-100, 290, -155,  1711553642.1314
-100, 278, -143,  1711553642.1326
-100, 269, -134,  1711553642.1286
-100, 251, -116,  1711553642.1284
-100, 233, -98,  1711553642.1302
-100, 214, -79,  1711553642.1281
-100, 190, -55,  1711553642.1331
-100, 171, -36,  1711553642.1279
-100, 148, -13,  1711553642.133
-100, 132, 3,  1711553642.1328
-100, 118, 17,  1711553642.1315
-100, 103, 32,  1711553642.1335
-100, 87, 48,  1711553642.1332
-94.19999999999997, 71, 64,  1711553642.1295
-84.17499999999998, 50, 85,  1711553642.1353
-75.37499999999999, 36, 99,  1711553642.1353
-66.19999999999999, 23, 112,  1711553642.1357
-56.374999999999986, 10, 125,  1711553642.1365
-45.574999999999996, -4, 139,  1711553642.1365
-34.724999999999994, -16, 151,  1711553642.1361
-23.275, -28, 163,  1711553642.1355
-11.224999999999994, -40, 175,  1711553642.1357
0.7750000000000057, -50, 185,  1711553642.1365
13.275000000000006, -60, 195,  1711553642.1275
27.575000000000003, -74, 209,  1711553642.1364
40.300000000000004, -81, 216,  1711553642.1366
53.375, -88, 223,  1711553642.135
66.15, -93, 228,  1711553642.1355
79.175, -98, 233,  1711553642.1356
92.125, -102, 237,  1711553642.1364
100, -104, 239,  1711553642.1366
100, -106, 241,  1711553642.136
100, -108, 243,  1711553642.1357
100, -108, 243,  1711553642.1357
100, -107, 242,  1711553642.1357
100, -106, 241,  1711553642.1367
100, -103, 238,  1711553642.1362
100, -100, 235,  1711553642.1356
100, -96, 231,  1711553642.1358
100, -92, 227,  1711553642.1366
100, -86, 221,  1711553642.1366
100, -82, 217,  1711553642.1362
100, -76, 211,  1711553642.1352
100, -68, 203,  1711553642.1356
100, -60, 195,  1711553642.1358
100, -52, 187,  1711553642.1368
100, -43, 178,  1711553642.1366
100, -35, 170,  1711553642.1356
100, -23, 158,  1711553642.1353
100, -12, 147,  1711553642.1355
100, 0, 135,  1711553642.1366
100, 11, 124,  1711553642.1366
100, 21, 114,  1711553642.1367
100, 34, 101,  1711553642.1346
100, 47, 88,  1711553642.1356
100, 60, 75,  1711553642.1358
100, 74, 61,  1711553642.1366
100, 87, 48,  1711553642.1366
100, 98, 37,  1711553642.1362
100, 112, 23,  1711553642.1351
100, 127, 8,  1711553642.1357
100, 141, -6,  1711553642.1357
100, 156, -21,  1711553642.1362
100, 170, -35,  1711553642.1366
100, 182, -47,  1711553642.1365
100, 198, -63,  1711553642.1355
100, 212, -77,  1711553642.1356
100, 227, -92,  1711553642.1358
100, 242, -107,  1711553642.1366
100, 258, -123,  1711553642.1366
100, 270, -135,  1711553642.1352
100, 288, -153,  1711553642.1316
100, 303, -168,  1711553642.1324
100, 324, -189,  1711553642.1234
100, 347, -212,  1711553642.131
100, 362, -227,  1711553642.1327
100, 378, -243,  1711553642.1355
100, 393, -258,  1711553642.1357
84.1499999999999, 409, -274,  1711553642.1358
65.57499999999992, 424, -289,  1711553642.1365
46.89999999999992, 437, -302,  1711553642.1361
26.274999999999906, 454, -319,  1711553642.1346
5.449999999999903, 469, -334,  1711553642.1354
-15.47500000000008, 482, -347,  1711553642.1365
-36.725000000000094, 494, -359,  1711553642.1354
-58.25000000000009, 505, -370,  1711553642.1362
-80.00000000000009, 515, -380,  1711553642.1351
-100, 524, -389,  1711553642.1357
-100, 531, -396,  1711553642.1368
-100, 538, -403,  1711553642.1366
-100, 546, -411,  1711553642.1366
-100, 550, -415,  1711553642.1366
-100, 553, -418,  1711553642.1367
-100, 556, -421,  1711553642.1355
-100, 558, -423,  1711553642.1356
-100, 558, -423,  1711553642.1357
-100, 558, -423,  1711553642.1368
-100, 558, -423,  1711553642.1366
-100, 557, -422,  1711553642.1364
-100, 555, -420,  1711553642.1353
-100, 553, -418,  1711553642.1356
-100, 550, -415,  1711553642.1357
-100, 546, -411,  1711553642.1368
-100, 541, -406,  1711553642.1366
-100, 537, -402,  1711553642.1356
-100, 530, -395,  1711553642.1353
-100, 524, -389,  1711553642.1352
-100, 516, -381,  1711553642.1358
-100, 510, -375,  1711553642.1365
-100, 501, -366,  1711553642.1366
-100, 494, -359,  1711553642.1364
-100, 484, -349,  1711553642.1352
-100, 474, -339,  1711553642.1356
-100, 464, -329,  1711553642.1357
-100, 452, -317,  1711553642.1368
-100, 442, -307,  1711553642.1358
-100, 430, -295,  1711553642.1362
-100, 416, -281,  1711553642.1268
-100, 392, -257,  1711553642.1356
-100, 382, -247,  1711553642.1359
-100, 369, -234,  1711553642.1308
-100, 356, -221,  1711553642.1298
-100, 322, -187,  1711553642.128
-100, 292, -157,  1711553642.1215
-100, 262, -127,  1711553642.124
-100, 230, -95,  1711553642.1255
-100, 200, -65,  1711553642.133
-100, 185, -50,  1711553642.1325
-100, 168, -33,  1711553642.1232
-100, 128, 7,  1711553642.1142
-100, 79, 56,  1711553642.1225
-100, 41, 94,  1711553642.1252
-100, 10, 125,  1711553642.1245
-100, -23, 158,  1711553642.1262
-100, -63, 198,  1711553642.1251
-100, -104, 239,  1711553642.1167
-100, -136, 271,  1711553642.1204
-100, -179, 314,  1711553642.1197
-100, -228, 363,  1711553642.1201
-100, -274, 409,  1711553642.1184
-100, -325, 460,  1711553642.1277
-100, -356, 491,  1711553642.1096
-100, -398, 533,  1711553642.1213
-100, -429, 564,  1711553642.1294
-100, -462, 597,  1711553642.1272
-100, -491, 626,  1711553642.1244
-100, -531, 666,  1711553642.1239
-100, -574, 709,  1711553642.1221
-61.600000000000136, -633, 768,  1711553642.1119
-8.250000000000114, -679, 814,  1711553642.1185
45.124999999999886, -718, 853,  1711553642.1273
94.27499999999989, -738, 873,  1711553642.1137
100, -756, 891,  1711553642.1261
100, -768, 903,  1711553642.126
100, -774, 909,  1711553642.1179
100, -773, 908,  1711553642.1181
100, -763, 898,  1711553642.1234
100, -750, 885,  1711553642.1209
100, -734, 869,  1711553642.1276
100, -717, 852,  1711553642.1146
100, -671, 806,  1711553642.1077
100, -637, 772,  1711553642.1227
100, -607, 742,  1711553642.1251
100, -584, 719,  1711553642.1274
100, -538, 673,  1711553642.1148
100, -486, 621,  1711553642.1186
100, -439, 574,  1711553642.126
100, -402, 537,  1711553642.1268
100, -369, 504,  1711553642.125
100, -328, 463,  1711553642.1219
100, -277, 412,  1711553642.1273
100, -241, 376,  1711553642.1127
100, -184, 319,  1711553642.124
100, -150, 285,  1711553642.1159
100, -95, 230,  1711553642.1249
100, -56, 191,  1711553642.1315
100, -11, 146,  1711553642.1295
100, 20, 115,  1711553642.1196
100, 73, 62,  1711553642.1218
100, 118, 17,  1711553642.1303
100, 152, -17,  1711553642.1225
100, 195, -60,  1711553642.119
100, 246, -111,  1711553642.1202
100, 299, -164,  1711553642.1205
100, 349, -214,  1711553642.1149
100, 402, -267,  1711553642.1008
100, 484, -349,  1711553642.1141
100, 549, -414,  1711553642.1283
100, 589, -454,  1711553642.1264
100, 631, -496,  1711553642.1237
100, 665, -530,  1711553642.1229
100, 720, -585,  1711553642.1186
100, 768, -633,  1711553642.1123
100, 828, -693,  1711553642.1237
100, 878, -743,  1711553642.1219
93.9249999999999, 928, -793,  1711553642.122
40.624999999999886, 970, -835,  1711553642.1227
-13.47500000000008, 1008, -873,  1711553642.118
-70.4500000000001, 1049, -914,  1711553642.1195
-100, 1076, -941,  1711553642.1206
-100, 1095, -960,  1711553642.1257
-100, 1102, -967,  1711553642.126
-100, 1108, -973,  1711553642.1324
-100, 1108, -973,  1711553642.1314
-100, 1108, -973,  1711553642.1317
-100, 1106, -971,  1711553642.1328
-100, 1104, -969,  1711553642.1306
-100, 1099, -964,  1711553642.1314
-100, 1093, -958,  1711553642.1203
-100, 1075, -940,  1711553642.1181
-100, 1054, -919,  1711553642.1247
-100, 1036, -901,  1711553642.13
-100, 1021, -886,  1711553642.1324
-100, 1008, -873,  1711553642.1316
-100, 992, -857,  1711553642.1287
-100, 970, -835,  1711553642.1301
-100, 946, -811,  1711553642.1327
-100, 932, -797,  1711553642.1368
-100, 920, -785,  1711553642.1366
-100, 908, -773,  1711553642.1362
-100, 895, -760,  1711553642.1356
-100, 882, -747,  1711553642.1356
-100, 868, -733,  1711553642.1357
-100, 854, -719,  1711553642.1365
-100, 840, -705,  1711553642.1361
-100, 826, -691,  1711553642.1363
-100, 810, -675,  1711553642.134
-100, 799, -664,  1711553642.1358
-100, 784, -649,  1711553642.1368
-100, 770, -635,  1711553642.1366
-100, 759, -624,  1711553642.1364
-100, 745, -610,  1711553642.1355
-100, 731, -596,  1711553642.1355
-100, 716, -581,  1711553642.1357
-100, 702, -567,  1711553642.1368
-100, 682, -547,  1711553642.1354
-100, 667, -532,  1711553642.1366
-100, 653, -518,  1711553642.1356
-100, 641, -506,  1711553642.1366
-100, 627, -492,  1711553642.1352
-100, 613, -478,  1711553642.1353
-100, 599, -464,  1711553642.1358
-100, 584, -449,  1711553642.1368
-100, 570, -435,  1711553642.1366
-100, 559, -424,  1711553642.1362
-100, 544, -409,  1711553642.1355
-100, 530, -395,  1711553642.1355
-100, 516, -381,  1711553642.1357
-100, 502, -367,  1711553642.1368
-100, 488, -353,  1711553642.1366
-100, 476, -341,  1711553642.1364
-100, 462, -327,  1711553642.1351
-100, 447, -312,  1711553642.1345
-100, 433, -298,  1711553642.1354
-100, 418, -283,  1711553642.1366
-100, 406, -271,  1711553642.1366
-100, 392, -257,  1711553642.1366
-100, 378, -243,  1711553642.134
-100, 364, -229,  1711553642.1355
-100, 349, -214,  1711553642.1357
-100, 335, -200,  1711553642.1368
-100, 320, -185,  1711553642.1366
-100, 308, -173,  1711553642.136
-100, 292, -157,  1711553642.1356
-100, 277, -142,  1711553642.1358
-100, 263, -128,  1711553642.1368
-100, 248, -113,  1711553642.1367
-100, 234, -99,  1711553642.1364
-100, 214, -79,  1711553642.1347
-100, 202, -67,  1711553642.1366
-100, 188, -53,  1711553642.1366
-100, 176, -41,  1711553642.1365
-100, 162, -27,  1711553642.1356
-100, 147, -12,  1711553642.1354
-100, 132, 3,  1711553642.1357
-100, 118, 17,  1711553642.1366
-100, 104, 31,  1711553642.1366
-100, 91, 44,  1711553642.1365
-100, 77, 58,  1711553642.1355
-100, 62, 73,  1711553642.1356
-100, 48, 87,  1711553642.1357
-100, 33, 102,  1711553642.1368
-100, 18, 117,  1711553642.1366
-100, 6, 129,  1711553642.1357
-100, -11, 146,  1711553642.1352
-100, -25, 160,  1711553642.1355
-100, -40, 175,  1711553642.1366
-100, -52, 187,  1711553642.1366
-100, -66, 201,  1711553642.1366
-100, -81, 216,  1711553642.1356
-100, -96, 231,  1711553642.1354
-100, -110, 245,  1711553642.1357
-100, -125, 260,  1711553642.1365
-100, -140, 275,  1711553642.1324
-100, -152, 287,  1711553642.1363
-100, -169, 304,  1711553642.1351
-100, -181, 316,  1711553642.1357
-100, -196, 331,  1711553642.1358
-100, -210, 345,  1711553642.1366
-100, -225, 360,  1711553642.1366
-100, -237, 372,  1711553642.1362
-100, -252, 387,  1711553642.1355
-100, -266, 401,  1711553642.1318
-100, -281, 416,  1711553642.1355
-100, -296, 431,  1711553642.1366
-100, -310, 445,  1711553642.1366
-100, -322, 457,  1711553642.1367
-100, -337, 472,  1711553642.1353
-100, -352, 487,  1711553642.1356
-100, -366, 501,  1711553642.1357
-100, -381, 516,  1711553642.1365
-100, -396, 531,  1711553642.1365
-100, -408, 543,  1711553642.1364
-100, -422, 557,  1711553642.1343
-100, -440, 575,  1711553642.1342
-100, -454, 589,  1711553642.1353
-100, -469, 604,  1711553642.1352
-100, -486, 621,  1711553642.1334
-100, -504, 639,  1711553642.1339
-100, -516, 651,  1711553642.1352
-100, -531, 666,  1711553642.1338
-100, -546, 681,  1711553642.1354
-100, -560, 695,  1711553642.1356
-100, -575, 710,  1711553642.1357
-100, -590, 725,  1711553642.1366
-100, -604, 739,  1711553642.1366
-100, -617, 752,  1711553642.1364
-100, -632, 767,  1711553642.1355
-100, -646, 781,  1711553642.1355
-100, -661, 796,  1711553642.1357
-100, -676, 811,  1711553642.1366
-100, -690, 825,  1711553642.1366
-100, -703, 838,  1711553642.1367
-100, -718, 853,  1711553642.1353
-100, -732, 867,  1711553642.1355
-100, -747, 882,  1711553642.1353
-100, -764, 899,  1711553642.1366
-100, -779, 914,  1711553642.1344
-61.52499999999981, -794, 929,  1711553642.135
-10.524999999999807, -808, 943,  1711553642.1355
41.5000000000002, -823, 958,  1711553642.1365
93.62500000000023, -836, 971,  1711553642.1365
100, -846, 981,  1711553642.1367
100, -856, 991,  1711553642.1353
100, -866, 1001,  1711553642.1357
100, -874, 1009,  1711553642.1357
100, -882, 1017,  1711553642.1368
100, -888, 1023,  1711553642.1366
100, -893, 1028,  1711553642.1362
100, -898, 1033,  1711553642.1349
100, -902, 1037,  1711553642.1356
100, -904, 1039,  1711553642.1358
100, -906, 1041,  1711553642.1357
100, -908, 1043,  1711553642.1367
100, -908, 1043,  1711553642.1364
100, -908, 1043,  1711553642.1357
100, -906, 1041,  1711553642.1358
100, -904, 1039,  1711553642.1366
100, -902, 1037,  1711553642.1366
100, -899, 1034,  1711553642.1365
100, -896, 1031,  1711553642.135
100, -891, 1026,  1711553642.1347
100, -886, 1021,  1711553642.1355
100, -880, 1015,  1711553642.1366
100, -873, 1008,  1711553642.1366
100, -866, 1001,  1711553642.1367
100, -858, 993,  1711553642.1351
100, -850, 985,  1711553642.1357
100, -841, 976,  1711553642.1357
100, -831, 966,  1711553642.1368
100, -820, 955,  1711553642.1345
100, -809, 944,  1711553642.1351
100, -798, 933,  1711553642.1355
100, -786, 921,  1711553642.1358
100, -774, 909,  1711553642.1366
100, -761, 896,  1711553642.1366
100, -750, 885,  1711553642.1367
100, -737, 872,  1711553642.1354
100, -724, 859,  1711553642.1353
100, -710, 845,  1711553642.1357
100, -696, 831,  1711553642.1366
100, -682, 817,  1711553642.1366
100, -670, 805,  1711553642.1367
100, -656, 791,  1711553642.1356
100, -641, 776,  1711553642.1357
100, -624, 759,  1711553642.1357
100, -610, 745,  1711553642.133
100, -595, 730,  1711553642.1346
100, -580, 715,  1711553642.1357
100, -565, 700,  1711553642.1358
100, -550, 685,  1711553642.1368
100, -535, 670,  1711553642.1366
100, -522, 657,  1711553642.1364
100, -507, 642,  1711553642.1356
100, -492, 627,  1711553642.1356
100, -476, 611,  1711553642.1357
100, -462, 597,  1711553642.1368
100, -446, 581,  1711553642.1366
100, -433, 568,  1711553642.1362
100, -418, 553,  1711553642.1353
100, -400, 535,  1711553642.1339
100, -387, 522,  1711553642.1358
100, -372, 507,  1711553642.1366
100, -356, 491,  1711553642.1366
100, -341, 476,  1711553642.1363
100, -323, 458,  1711553642.1355
100, -307, 442,  1711553642.1359
100, -294, 429,  1711553642.1365
100, -279, 414,  1711553642.1366
100, -263, 398,  1711553642.1362
100, -248, 383,  1711553642.1356
100, -232, 367,  1711553642.1358
100, -216, 351,  1711553642.1368
100, -201, 336,  1711553642.1358
100, -188, 323,  1711553642.1364
100, -172, 307,  1711553642.1353
100, -156, 291,  1711553642.1356
100, -141, 276,  1711553642.1357
100, -125, 260,  1711553642.1368
100, -110, 245,  1711553642.1366
100, -96, 231,  1711553642.1362
100, -80, 215,  1711553642.1356
100, -64, 199,  1711553642.1354
100, -49, 184,  1711553642.1358
100, -34, 169,  1711553642.1369
100, -18, 153,  1711553642.1367
100, -2, 137,  1711553642.1364
100, 11, 124,  1711553642.1352
100, 27, 108,  1711553642.1357
100, 45, 90,  1711553642.1366
100, 61, 74,  1711553642.1366
100, 77, 58,  1711553642.1362
100, 92, 43,  1711553642.1355
100, 108, 27,  1711553642.1358
100, 124, 11,  1711553642.1368
100, 140, -5,  1711553642.1369
100, 156, -21,  1711553642.1364
100, 172, -37,  1711553642.1355
100, 198, -63,  1711553642.135
100, 213, -78,  1711553642.1358
100, 229, -94,  1711553642.1366
100, 245, -110,  1711553642.1365
100, 258, -123,  1711553642.1366
100, 276, -141,  1711553642.1357
100, 292, -157,  1711553642.1358
100, 308, -173,  1711553642.1366
100, 324, -189,  1711553642.1366
100, 340, -205,  1711553642.1359
100, 356, -221,  1711553642.1353
100, 368, -233,  1711553642.1357
100, 387, -252,  1711553642.1358
100, 400, -265,  1711553642.1366
100, 416, -281,  1711553642.1365
100, 429, -294,  1711553642.1362
100, 445, -310,  1711553642.1355
100, 461, -326,  1711553642.1356
100, 476, -341,  1711553642.1358
100, 492, -357,  1711553642.1368
100, 508, -373,  1711553642.1366
100, 521, -386,  1711553642.1364
100, 537, -402,  1711553642.1356
100, 553, -418,  1711553642.1356
100, 568, -433,  1711553642.1358
100, 584, -449,  1711553642.1368
100, 600, -465,  1711553642.1366
100, 614, -479,  1711553642.1364
100, 630, -495,  1711553642.1356
100, 645, -510,  1711553642.1354
100, 664, -529,  1711553642.1358
100, 677, -542,  1711553642.1366
100, 692, -557,  1711553642.1366
100, 711, -576,  1711553642.1316
100, 722, -587,  1711553642.1351
100, 737, -602,  1711553642.135
100, 753, -618,  1711553642.1357
100, 769, -634,  1711553642.1368
100, 785, -650,  1711553642.1366
100, 798, -663,  1711553642.1363
100, 814, -679,  1711553642.1356
100, 830, -695,  1711553642.1347
100, 846, -711,  1711553642.1355
100, 861, -726,  1711553642.1366
100, 878, -743,  1711553642.1361
100, 890, -755,  1711553642.1364
100, 906, -771,  1711553642.1353
100, 922, -787,  1711553642.1356
100, 940, -805,  1711553642.1344
100, 954, -819,  1711553642.1366
100, 970, -835,  1711553642.1366
100, 982, -847,  1711553642.135
100, 1001, -866,  1711553642.134
100, 1020, -885,  1711553642.1345
100, 1032, -897,  1711553642.1357
100, 1048, -913,  1711553642.1355
100, 1067, -932,  1711553642.1341
100, 1085, -950,  1711553642.1344
100, 1098, -963,  1711553642.1365
100, 1114, -979,  1711553642.1366
100, 1128, -993,  1711553642.1362
100, 1143, -1008,  1711553642.1337
100, 1159, -1024,  1711553642.1345
100, 1175, -1040,  1711553642.1315
100, 1190, -1055,  1711553642.1325
100, 1209, -1074,  1711553642.1298
100, 1233, -1098,  1711553642.1279
100, 1256, -1121,  1711553642.1358
100, 1272, -1137,  1711553642.1366
100, 1288, -1153,  1711553642.1364
100, 1306, -1171,  1711553642.1343
100, 1320, -1185,  1711553642.1358
100, 1336, -1201,  1711553642.1369
100, 1352, -1217,  1711553642.1367
100, 1368, -1233,  1711553642.1364
76.150000000001, 1383, -1248,  1711553642.1337
8.550000000000978, 1399, -1264,  1711553642.1357
-59.52499999999901, 1414, -1279,  1711553642.136
-100, 1428, -1293,  1711553642.1366
-100, 1442, -1307,  1711553642.136
-100, 1453, -1318,  1711553642.1353
-100, 1463, -1328,  1711553642.1355
-100, 1472, -1337,  1711553642.1358
-100, 1479, -1344,  1711553642.1366
-100, 1486, -1351,  1711553642.1366
-100, 1492, -1357,  1711553642.1364
-100, 1498, -1363,  1711553642.1356
-100, 1502, -1367,  1711553642.1356
-100, 1506, -1371,  1711553642.1357
-100, 1508, -1373,  1711553642.1366
-100, 1510, -1375,  1711553642.1366
-100, 1510, -1375,  1711553642.1367
-100, 1511, -1376,  1711553642.1356
-100, 1510, -1375,  1711553642.1356
-100, 1510, -1375,  1711553642.1357
-100, 1508, -1373,  1711553642.1368
-100, 1505, -1370,  1711553642.1366
-100, 1502, -1367,  1711553642.1364
-100, 1499, -1364,  1711553642.1356
-100, 1494, -1359,  1711553642.1355
-100, 1488, -1353,  1711553642.1365
-100, 1482, -1347,  1711553642.1366
-100, 1476, -1341,  1711553642.1362
-100, 1468, -1333,  1711553642.1349
-100, 1460, -1325,  1711553642.1357
-100, 1452, -1317,  1711553642.1368
-100, 1442, -1307,  1711553642.1366
-100, 1434, -1299,  1711553642.1364
-100, 1424, -1289,  1711553642.1356
-100, 1414, -1279,  1711553642.1355
-100, 1402, -1267,  1711553642.1357
-100, 1391, -1256,  1711553642.1368
-100, 1379, -1244,  1711553642.1366
-100, 1367, -1232,  1711553642.1364
-100, 1354, -1219,  1711553642.1355
-100, 1342, -1207,  1711553642.1358
-100, 1328, -1193,  1711553642.1368
-100, 1315, -1180,  1711553642.1366
-100, 1304, -1169,  1711553642.1356
-100, 1288, -1153,  1711553642.1354
-100, 1275, -1140,  1711553642.1357
-100, 1261, -1126,  1711553642.1366
-100, 1248, -1113,  1711553642.1366
-100, 1236, -1101,  1711553642.1363
-100, 1222, -1087,  1711553642.1346
-100, 1208, -1073,  1711553642.1356
-100, 1194, -1059,  1711553642.1357
-100, 1180, -1045,  1711553642.1368
-100, 1166, -1031,  1711553642.1366
-100, 1154, -1019,  1711553642.1355
-100, 1137, -1002,  1711553642.1353
-100, 1125, -990,  1711553642.1355
-100, 1108, -973,  1711553642.1357
-100, 1096, -961,  1711553642.1365
-100, 1082, -947,  1711553642.1365
-100, 1070, -935,  1711553642.1362
-100, 1056, -921,  1711553642.1351
-100, 1042, -907,  1711553642.1356
-100, 1028, -893,  1711553642.1353
-100, 1013, -878,  1711553642.1365
-100, 998, -863,  1711553642.1366
-100, 987, -852,  1711553642.1365
-100, 972, -837,  1711553642.1356
-100, 958, -823,  1711553642.1356
-100, 944, -809,  1711553642.1357
-100, 929, -794,  1711553642.1366
-100, 914, -779,  1711553642.1366
-100, 902, -767,  1711553642.1365
-100, 888, -753,  1711553642.1355
-100, 873, -738,  1711553642.1356
-100, 858, -723,  1711553642.1357
-100, 844, -709,  1711553642.1368
-100, 830, -695,  1711553642.1366
-100, 817, -682,  1711553642.1364
-100, 802, -667,  1711553642.1355
-100, 788, -653,  1711553642.1354
-100, 771, -636,  1711553642.1357
-100, 758, -623,  1711553642.1365
-100, 744, -609,  1711553642.1366
-100, 732, -597,  1711553642.1364
-100, 717, -582,  1711553642.1352
-100, 702, -567,  1711553642.1356
-100, 688, -553,  1711553642.1346
-100, 673, -538,  1711553642.1368
-100, 658, -523,  1711553642.1366
-100, 643, -508,  1711553642.1362
-100, 628, -493,  1711553642.1357
-100, 614, -479,  1711553642.1357
-100, 596, -461,  1711553642.1366
-100, 582, -447,  1711553642.1362
-100, 568, -433,  1711553642.1351
-100, 553, -418,  1711553642.1358
-100, 538, -403,  1711553642.1366
-100, 523, -388,  1711553642.1366
-100, 511, -376,  1711553642.1367
-100, 496, -361,  1711553642.1351
-100, 482, -347,  1711553642.1356
-100, 467, -332,  1711553642.1357
-100, 452, -317,  1711553642.1368
-100, 438, -303,  1711553642.1366
-100, 422, -287,  1711553642.1362
-100, 408, -273,  1711553642.1351
-100, 394, -259,  1711553642.1355
-100, 378, -243,  1711553642.1366
-100, 364, -229,  1711553642.1366
-100, 352, -217,  1711553642.1366
-100, 337, -202,  1711553642.1354
-100, 322, -187,  1711553642.1356
-100, 308, -173,  1711553642.1357
-100, 293, -158,  1711553642.1368
-100, 278, -143,  1711553642.1358
-100, 264, -129,  1711553642.1364
-100, 251, -116,  1711553642.1354
-100, 236, -101,  1711553642.1355
-100, 222, -87,  1711553642.1357
-100, 207, -72,  1711553642.1366
-100, 192, -57,  1711553642.1366
-100, 180, -45,  1711553642.1362
-100, 165, -30,  1711553642.1346
-100, 150, -15,  1711553642.1356
-100, 136, -1,  1711553642.1357
-100, 121, 14,  1711553642.1366
-100, 106, 29,  1711553642.1367
-100, 92, 43,  1711553642.1352
-100, 77, 58,  1711553642.1354
-100, 62, 73,  1711553642.1354
-100, 47, 88,  1711553642.1366
-100, 32, 103,  1711553642.1366
-100, 20, 115,  1711553642.1362
-100, 6, 129,  1711553642.1347
-100, -10, 145,  1711553642.1355
-100, -24, 159,  1711553642.1357
-100, -39, 174,  1711553642.1368
-100, -54, 189,  1711553642.1366
-100, -66, 201,  1711553642.136
-100, -83, 218,  1711553642.1353
-100, -98, 233,  1711553642.135
-100, -112, 247,  1711553642.1366
-100, -128, 263,  1711553642.1365
-100, -140, 275,  1711553642.1367
-100, -154, 289,  1711553642.1353
-100, -169, 304,  1711553642.1354
-100, -184, 319,  1711553642.1357
-100, -199, 334,  1711553642.1366
-100, -213, 348,  1711553642.1366
-100, -228, 363,  1711553642.1356
-100, -243, 378,  1711553642.134
-100, -260, 395,  1711553642.1344
-100, -272, 407,  1711553642.1357
-100, -290, 425,  1711553642.1299
-100, -312, 447,  1711553642.1327
-100, -332, 467,  1711553642.1354
-100, -346, 481,  1711553642.1366
-100, -358, 493,  1711553642.1356
-100, -373, 508,  1711553642.1367
-100, -388, 523,  1711553642.135
-100, -403, 538,  1711553642.1354
-100, -418, 553,  1711553642.1357
-100, -432, 567,  1711553642.1365
-100, -447, 582,  1711553642.1366
-100, -460, 595,  1711553642.1362
-100, -474, 609,  1711553642.1348
-100, -489, 624,  1711553642.1353
-100, -504, 639,  1711553642.1358
-100, -518, 653,  1711553642.1368
-100, -533, 668,  1711553642.1366
-100, -546, 681,  1711553642.1364
-100, -560, 695,  1711553642.1353
-100, -575, 710,  1711553642.1356
-100, -590, 725,  1711553642.1357
-100, -605, 740,  1711553642.1365
-100, -620, 755,  1711553642.1369
-100, -634, 769,  1711553642.1364
-100, -649, 784,  1711553642.1356
-100, -664, 799,  1711553642.1357
-100, -679, 814,  1711553642.1366
-100, -694, 829,  1711553642.1366
-100, -706, 841,  1711553642.1365
-100, -720, 855,  1711553642.1355
-100, -736, 871,  1711553642.1356
-100, -750, 885,  1711553642.1357
-100, -765, 900,  1711553642.1368
-100, -780, 915,  1711553642.1366
-100, -792, 927,  1711553642.1364
-100, -807, 942,  1711553642.1356
-100, -822, 957,  1711553642.1356
-100, -836, 971,  1711553642.1357
-100, -852, 987,  1711553642.1366
-100, -866, 1001,  1711553642.1369
-100, -881, 1016,  1711553642.1351
-100, -896, 1031,  1711553642.1354
-100, -910, 1045,  1711553642.1357
-100, -926, 1061,  1711553642.1366
-100, -940, 1075,  1711553642.1366
-100, -952, 1087,  1711553642.1362
-100, -968, 1103,  1711553642.1355
-100, -982, 1117,  1711553642.1346
-100, -997, 1132,  1711553642.1355
-100, -1012, 1147,  1711553642.1366
-100, -1024, 1159,  1711553642.1365
-100, -1039, 1174,  1711553642.1367
-100, -1054, 1189,  1711553642.1342
-100, -1069, 1204,  1711553642.1356
-100, -1084, 1219,  1711553642.1357
-100, -1098, 1233,  1711553642.1366
-100, -1114, 1249,  1711553642.1366
-100, -1126, 1261,  1711553642.1362
-100, -1140, 1275,  1711553642.1355
-100, -1155, 1290,  1711553642.1356
-100, -1170, 1305,  1711553642.1357
-100, -1185, 1320,  1711553642.1366
-100, -1200, 1335,  1711553642.1366
-100, -1212, 1347,  1711553642.1364
-100, -1227, 1362,  1711553642.1336
-100, -1242, 1377,  1711553642.135
-100, -1256, 1391,  1711553642.1358
-100, -1271, 1406,  1711553642.1366
-100, -1286, 1421,  1711553642.1366
-100, -1298, 1433,  1711553642.1362
-100, -1313, 1448,  1711553642.1355
-100, -1328, 1463,  1711553642.1356
-100, -1343, 1478,  1711553642.1357
-100, -1358, 1493,  1711553642.1362
-100, -1373, 1508,  1711553642.1315
-100, -1385, 1520,  1711553642.1366
-100, -1400, 1535,  1711553642.1352
-100, -1414, 1549,  1711553642.1356
-100, -1430, 1565,  1711553642.1357
-37.12500000000222, -1444, 1579,  1711553642.1368
46.69999999999777, -1459, 1594,  1711553642.1368
100, -1472, 1607,  1711553642.1364
100, -1487, 1622,  1711553642.1347
100, -1496, 1631,  1711553642.1358
100, -1506, 1641,  1711553642.1366
100, -1516, 1651,  1711553642.1366
100, -1522, 1657,  1711553642.136
100, -1529, 1664,  1711553642.1354
100, -1535, 1670,  1711553642.1355
100, -1540, 1675,  1711553642.1358
100, -1545, 1680,  1711553642.1366
100, -1548, 1683,  1711553642.1366
100, -1550, 1685,  1711553642.1363
100, -1552, 1687,  1711553642.1354
100, -1553, 1688,  1711553642.1356
100, -1553, 1688,  1711553642.1357
100, -1552, 1687,  1711553642.1365
100, -1551, 1686,  1711553642.1366
100, -1549, 1684,  1711553642.1362
100, -1546, 1681,  1711553642.1356
100, -1543, 1678,  1711553642.1358
100, -1538, 1673,  1711553642.1358
100, -1534, 1669,  1711553642.1366
100, -1528, 1663,  1711553642.1366
100, -1523, 1658,  1711553642.1365
100, -1516, 1651,  1711553642.1355
100, -1508, 1643,  1711553642.1356
100, -1500, 1635,  1711553642.1357
100, -1492, 1627,  1711553642.1305
100, -1480, 1615,  1711553642.1358
100, -1470, 1605,  1711553642.1354
100, -1460, 1595,  1711553642.1358
100, -1448, 1583,  1711553642.1368
100, -1436, 1571,  1711553642.1366
100, -1426, 1561,  1711553642.1357
100, -1412, 1547,  1711553642.1353
100, -1401, 1536,  1711553642.1355
100, -1386, 1521,  1711553642.1358
100, -1374, 1509,  1711553642.1366
100, -1360, 1495,  1711553642.1366
100, -1349, 1484,  1711553642.1364
100, -1335, 1470,  1711553642.1355
100, -1321, 1456,  1711553642.1356
100, -1307, 1442,  1711553642.1357
100, -1292, 1427,  1711553642.1368
100, -1278, 1413,  1711553642.1366
100, -1266, 1401,  1711553642.1364
100, -1251, 1386,  1711553642.1356
100, -1236, 1371,  1711553642.1356
100, -1222, 1357,  1711553642.1357
100, -1206, 1341,  1711553642.1368
100, -1191, 1326,  1711553642.1366
100, -1179, 1314,  1711553642.1364
100, -1164, 1299,  1711553642.1353
100, -1148, 1283,  1711553642.1346
100, -1133, 1268,  1711553642.1355
100, -1118, 1253,  1711553642.1366
100, -1105, 1240,  1711553642.1366
100, -1090, 1225,  1711553642.1367
100, -1074, 1209,  1711553642.1352
100, -1058, 1193,  1711553642.1345
100, -1043, 1178,  1711553642.1356
100, -1028, 1163,  1711553642.1366
100, -1012, 1147,  1711553642.1357
100, -999, 1134,  1711553642.1361
100, -983, 1118,  1711553642.1351
100, -968, 1103,  1711553642.1356
100, -952, 1087,  1711553642.1357
100, -936, 1071,  1711553642.1366
100, -920, 1055,  1711553642.1366
100, -908, 1043,  1711553642.1366
100, -892, 1027,  1711553642.1353
100, -876, 1011,  1711553642.1356
100, -860, 995,  1711553642.1358
100, -845, 980,  1711553642.1366
100, -829, 964,  1711553642.1366
100, -816, 951,  1711553642.1365
100, -800, 935,  1711553642.1356
100, -784, 919,  1711553642.1356
100, -768, 903,  1711553642.1358
100, -753, 888,  1711553642.1366
100, -737, 872,  1711553642.1366
100, -724, 859,  1711553642.1367
100, -706, 841,  1711553642.1356
100, -690, 825,  1711553642.1357
100, -674, 809,  1711553642.1368
100, -658, 793,  1711553642.1367
100, -642, 777,  1711553642.1364
100, -627, 762,  1711553642.1357
100, -611, 746,  1711553642.1353
100, -595, 730,  1711553642.1368
100, -580, 715,  1711553642.1367
100, -564, 699,  1711553642.1361
100, -548, 683,  1711553642.1341
100, -530, 665,  1711553642.1344
100, -516, 651,  1711553642.1357
100, -500, 635,  1711553642.1299
100, -477, 612,  1711553642.1343
100, -461, 596,  1711553642.135
100, -446, 581,  1711553642.1338
100, -427, 562,  1711553642.1343
100, -411, 546,  1711553642.1356
100, -398, 533,  1711553642.1366
100, -382, 517,  1711553642.1367
100, -366, 501,  1711553642.1353
100, -351, 486,  1711553642.1356
100, -335, 470,  1711553642.1358
100, -319, 454,  1711553642.1358
100, -304, 439,  1711553642.1366
100, -288, 423,  1711553642.136
100, -272, 407,  1711553642.1355
100, -256, 391,  1711553642.1357
100, -240, 375,  1711553642.1368
100, -224, 359,  1711553642.1366
100, -211, 346,  1711553642.1363
100, -193, 328,  1711553642.1356
100, -177, 312,  1711553642.1357
100, -161, 296,  1711553642.1366
100, -146, 281,  1711553642.1366
100, -132, 267,  1711553642.1367
100, -116, 251,  1711553642.1354
100, -100, 235,  1711553642.1356
100, -85, 220,  1711553642.1357
100, -68, 203,  1711553642.1365
100, -53, 188,  1711553642.1369
100, -37, 172,  1711553642.1364
100, -22, 157,  1711553642.1356
100, -6, 141,  1711553642.1358
100, 10, 125,  1711553642.1366
100, 26, 109,  1711553642.1366
100, 39, 96,  1711553642.1363
100, 55, 80,  1711553642.1354
100, 71, 64,  1711553642.1355
100, 86, 49,  1711553642.1358
100, 102, 33,  1711553642.1366
100, 118, 17,  1711553642.1366
100, 132, 3,  1711553642.1367
100, 148, -13,  1711553642.1354
100, 163, -28,  1711553642.1356
100, 179, -44,  1711553642.1357
100, 195, -60,  1711553642.1368
100, 211, -76,  1711553642.1366
100, 224, -89,  1711553642.1364
100, 240, -105,  1711553642.1356
100, 256, -121,  1711553642.1356
100, 272, -137,  1711553642.1357
100, 288, -153,  1711553642.1368
100, 304, -169,  1711553642.1366
100, 317, -182,  1711553642.1362
100, 332, -197,  1711553642.1349
100, 351, -216,  1711553642.1343
100, 364, -229,  1711553642.1358
100, 380, -245,  1711553642.1366
100, 396, -261,  1711553642.1366
100, 409, -274,  1711553642.1364
100, 425, -290,  1711553642.1352
100, 441, -306,  1711553642.1356
100, 457, -322,  1711553642.1357
100, 473, -338,  1711553642.1358
100, 486, -351,  1711553642.1366
100, 502, -367,  1711553642.1367
100, 518, -383,  1711553642.1356
100, 546, -411,  1711553642.1353
100, 562, -427,  1711553642.1322
100, 578, -443,  1711553642.1366
100, 594, -459,  1711553642.1366
100, 608, -473,  1711553642.1364
100, 624, -489,  1711553642.1356
100, 639, -504,  1711553642.1356
100, 655, -520,  1711553642.1354
100, 671, -536,  1711553642.1366
100, 686, -551,  1711553642.1366
100, 700, -565,  1711553642.1364
100, 716, -581,  1711553642.1353
100, 732, -597,  1711553642.1356
100, 748, -613,  1711553642.1358
100, 763, -628,  1711553642.1358
100, 779, -644,  1711553642.1362
100, 792, -657,  1711553642.1364
100, 808, -673,  1711553642.1354
100, 824, -689,  1711553642.1354
100, 843, -708,  1711553642.1366
100, 858, -723,  1711553642.1355
100, 874, -739,  1711553642.1357
100, 890, -755,  1711553642.1356
100, 906, -771,  1711553642.1355
100, 922, -787,  1711553642.1353
100, 938, -803,  1711553642.1366
100, 951, -816,  1711553642.1365
100, 967, -832,  1711553642.1355
100, 983, -848,  1711553642.1354
100, 1002, -867,  1711553642.1354
100, 1014, -879,  1711553642.1366
100, 1030, -895,  1711553642.1369
100, 1046, -911,  1711553642.1364
100, 1062, -927,  1711553642.1355
100, 1078, -943,  1711553642.1358
100, 1099, -964,  1711553642.1325
100, 1110, -975,  1711553642.1367
100, 1126, -991,  1711553642.1362
100, 1142, -1007,  1711553642.1355
100, 1160, -1025,  1711553642.1366
100, 1173, -1038,  1711553642.1366
100, 1189, -1054,  1711553642.1367
100, 1205, -1070,  1711553642.1354
100, 1220, -1085,  1711553642.1355
100, 1236, -1101,  1711553642.1357
100, 1252, -1117,  1711553642.1366
100, 1268, -1133,  1711553642.1366
100, 1282, -1147,  1711553642.1359
100, 1300, -1165,  1711553642.1351
100, 1313, -1178,  1711553642.1355
100, 1332, -1197,  1711553642.1358
100, 1345, -1210,  1711553642.1366
100, 1360, -1225,  1711553642.1366
100, 1374, -1239,  1711553642.1362
100, 1390, -1255,  1711553642.1356
100, 1406, -1271,  1711553642.1356
100, 1422, -1287,  1711553642.1357
100, 1437, -1302,  1711553642.1368
100, 1453, -1318,  1711553642.1366
100, 1466, -1331,  1711553642.1364
100, 1482, -1347,  1711553642.1353
100, 1498, -1363,  1711553642.1355
100, 1514, -1379,  1711553642.1357
100, 1530, -1395,  1711553642.1366
100, 1545, -1410,  1711553642.1366
100, 1558, -1423,  1711553642.1367
100, 1574, -1439,  1711553642.1353
100, 1590, -1455,  1711553642.1346
100, 1606, -1471,  1711553642.1355
100, 1622, -1487,  1711553642.1327
100, 1638, -1503,  1711553642.1367
100, 1654, -1519,  1711553642.1362
100, 1669, -1534,  1711553642.1337
100, 1685, -1550,  1711553642.1352
100, 1701, -1566,  1711553642.1366
100, 1717, -1582,  1711553642.1366
100, 1730, -1595,  1711553642.1362
100, 1746, -1611,  1711553642.1356
100, 1762, -1627,  1711553642.1356
100, 1778, -1643,  1711553642.1357
100, 1793, -1658,  1711553642.1366
100, 1809, -1674,  1711553642.1366
100, 1822, -1687,  1711553642.1359
100, 1838, -1703,  1711553642.1353
100, 1854, -1719,  1711553642.1355
100, 1870, -1735,  1711553642.1358
100, 1886, -1751,  1711553642.1366
100, 1902, -1767,  1711553642.1366
100, 1914, -1779,  1711553642.1362
100, 1930, -1795,  1711553642.1352
100, 1946, -1811,  1711553642.1357
100, 1962, -1827,  1711553642.1357
100, 1978, -1843,  1711553642.1368
100, 1994, -1859,  1711553642.1366
100, 2007, -1872,  1711553642.1362
100, 2023, -1888,  1711553642.1355
51.89999999999509, 2039, -1904,  1711553642.1355
-48.17500000000496, 2054, -1919,  1711553642.1357
-100, 2070, -1935,  1711553642.1365
-100, 2083, -1948,  1711553642.1365
-100, 2094, -1959,  1711553642.1365
-100, 2105, -1970,  1711553642.1355
-100, 2116, -1981,  1711553642.1356
-100, 2124, -1989,  1711553642.1357
-100, 2134, -1999,  1711553642.1361
-100, 2141, -2006,  1711553642.1296
-100, 2149, -2014,  1711553642.1335
-100, 2153, -2018,  1711553642.133
-100, 2156, -2021,  1711553642.1344
-100, 2159, -2024,  1711553642.1356
-100, 2160, -2025,  1711553642.1354
-100, 2161, -2026,  1711553642.1341
-100, 2160, -2025,  1711553642.1344
-100, 2159, -2024,  1711553642.1365
-100, 2157, -2022,  1711553642.1366
-100, 2154, -2019,  1711553642.1361
-100, 2150, -2015,  1711553642.1355
-100, 2146, -2011,  1711553642.1357
-100, 2141, -2006,  1711553642.1368
-100, 2136, -2001,  1711553642.1366
-100, 2130, -1995,  1711553642.1362
-100, 2123, -1988,  1711553642.1355
-100, 2116, -1981,  1711553642.1356
-100, 2108, -1973,  1711553642.1357
-100, 2098, -1963,  1711553642.1368
-100, 2089, -1954,  1711553642.1366
-100, 2081, -1946,  1711553642.1364
-100, 2071, -1936,  1711553642.1353
-100, 2060, -1925,  1711553642.1355
-100, 2048, -1913,  1711553642.1357
-100, 2037, -1902,  1711553642.1368
-100, 2025, -1890,  1711553642.1366
-100, 2014, -1879,  1711553642.1364
-100, 2002, -1867,  1711553642.1348
-100, 1989, -1854,  1711553642.1355
-100, 1976, -1841,  1711553642.1357
-100, 1963, -1828,  1711553642.1368
-100, 1950, -1815,  1711553642.1366
-100, 1936, -1801,  1711553642.1358
-100, 1922, -1787,  1711553642.1353
-100, 1908, -1773,  1711553642.1357
-100, 1894, -1759,  1711553642.1368
-100, 1880, -1745,  1711553642.1367
-100, 1866, -1731,  1711553642.1364
-100, 1855, -1720,  1711553642.1352
-100, 1840, -1705,  1711553642.1356
-100, 1826, -1691,  1711553642.1357
-100, 1812, -1677,  1711553642.1368
-100, 1798, -1663,  1711553642.1366
-100, 1786, -1651,  1711553642.1362
-100, 1772, -1637,  1711553642.1353
-100, 1757, -1622,  1711553642.1356
-100, 1742, -1607,  1711553642.1358
-100, 1728, -1593,  1711553642.1366
-100, 1714, -1579,  1711553642.1366
-100, 1702, -1567,  1711553642.1365
-100, 1687, -1552,  1711553642.1355
-100, 1672, -1537,  1711553642.1356
-100, 1658, -1523,  1711553642.1357
-100, 1643, -1508,  1711553642.1364
-100, 1628, -1493,  1711553642.1366
-100, 1613, -1478,  1711553642.1364
-100, 1598, -1463,  1711553642.1356
-100, 1584, -1449,  1711553642.1357
-100, 1569, -1434,  1711553642.1366
-100, 1554, -1419,  1711553642.1366
-100, 1542, -1407,  1711553642.1362
-100, 1527, -1392,  1711553642.1355
-100, 1512, -1377,  1711553642.1352
-100, 1498, -1363,  1711553642.1357
-100, 1482, -1347,  1711553642.1366
-100, 1468, -1333,  1711553642.1365
-100, 1456, -1321,  1711553642.1362
-100, 1441, -1306,  1711553642.1354
-100, 1426, -1291,  1711553642.1356
-100, 1411, -1276,  1711553642.1358
-100, 1396, -1261,  1711553642.1368
-100, 1381, -1246,  1711553642.1366
-100, 1369, -1234,  1711553642.1364
-100, 1354, -1219,  1711553642.1353
-100, 1337, -1202,  1711553642.1355
-100, 1322, -1187,  1711553642.1357
-100, 1310, -1175,  1711553642.1365
-100, 1295, -1160,  1711553642.1366
-100, 1282, -1147,  1711553642.1361
-100, 1265, -1130,  1711553642.1355
-100, 1248, -1113,  1711553642.1346
-100, 1233, -1098,  1711553642.1366
-100, 1218, -1083,  1711553642.1362
-100, 1204, -1069,  1711553642.1342
-100, 1188, -1053,  1711553642.1357
-100, 1174, -1039,  1711553642.1366
-100, 1159, -1024,  1711553642.1366
-100, 1146, -1011,  1711553642.1365
-100, 1132, -997,  1711553642.1348
-100, 1116, -981,  1711553642.1354
-100, 1102, -967,  1711553642.1357
-100, 1087, -952,  1711553642.1368
-100, 1072, -937,  1711553642.1366
-100, 1060, -925,  1711553642.1361
-100, 1042, -907,  1711553642.1352
-100, 1028, -893,  1711553642.1354
-100, 1012, -877,  1711553642.1362
-100, 1000, -865,  1711553642.1365
-100, 986, -851,  1711553642.1366
-100, 970, -835,  1711553642.1361
-100, 956, -821,  1711553642.1355
-100, 941, -806,  1711553642.1358
-100, 926, -791,  1711553642.1366
-100, 911, -776,  1711553642.1366
-100, 899, -764,  1711553642.1362
-100, 884, -749,  1711553642.1355
-100, 869, -734,  1711553642.1356
-100, 854, -719,  1711553642.1357
-100, 840, -705,  1711553642.1366
-100, 824, -689,  1711553642.1366
-100, 812, -677,  1711553642.1365
-100, 797, -662,  1711553642.1355
-100, 782, -647,  1711553642.1356
-100, 768, -633,  1711553642.1357
-100, 752, -617,  1711553642.1361
-100, 738, -603,  1711553642.1366
-100, 725, -590,  1711553642.1367
-100, 710, -575,  1711553642.1353
-100, 696, -561,  1711553642.1356
-100, 680, -545,  1711553642.1357
-100, 666, -531,  1711553642.1368
-100, 651, -516,  1711553642.1366
-100, 638, -503,  1711553642.1364
-100, 624, -489,  1711553642.1353
-100, 608, -473,  1711553642.1355
-100, 594, -459,  1711553642.1357
-100, 579, -444,  1711553642.1366
-100, 564, -429,  1711553642.1356
-100, 546, -411,  1711553642.1357
-100, 532, -397,  1711553642.1357
-100, 517, -382,  1711553642.1366
-100, 502, -367,  1711553642.1366
-100, 490, -355,  1711553642.1365
-100, 474, -339,  1711553642.1352
-100, 460, -325,  1711553642.1354
-100, 445, -310,  1711553642.1357
-100, 430, -295,  1711553642.1368
-100, 415, -280,  1711553642.1366
-100, 402, -267,  1711553642.1355
-100, 385, -250,  1711553642.1353
-100, 370, -235,  1711553642.1351
-100, 356, -221,  1711553642.1366
-100, 340, -205,  1711553642.1366
-100, 328, -193,  1711553642.1361
-100, 314, -179,  1711553642.1363
-100, 298, -163,  1711553642.135
-100, 284, -149,  1711553642.1357
-100, 269, -134,  1711553642.1368
-100, 254, -119,  1711553642.1366
-100, 242, -107,  1711553642.1362
-100, 224, -89,  1711553642.1352
-100, 209, -74,  1711553642.1354
-100, 194, -59,  1711553642.1357
-100, 182, -47,  1711553642.1366
-100, 168, -33,  1711553642.1366
-100, 155, -20,  1711553642.1362
-100, 140, -5,  1711553642.1353
-100, 125, 10,  1711553642.1356
-100, 110, 25,  1711553642.1358
-100, 96, 39,  1711553642.1369
-100, 80, 55,  1711553642.1367
-100, 66, 69,  1711553642.1362
-100, 51, 84,  1711553642.1353
-100, 36, 99,  1711553642.1355
-100, 21, 114,  1711553642.1366
-100, 9, 126,  1711553642.1365
-100, -6, 141,  1711553642.1359
-100, -20, 155,  1711553642.1351
-100, -36, 171,  1711553642.1355
-100, -50, 185,  1711553642.1357
-100, -65, 200,  1711553642.1362
-100, -80, 215,  1711553642.1366
-100, -92, 227,  1711553642.1367
-100, -107, 242,  1711553642.1353
-100, -122, 257,  1711553642.1355
-100, -140, 275,  1711553642.1338
-100, -152, 287,  1711553642.1356
-100, -166, 301,  1711553642.1349
-100, -184, 319,  1711553642.1335
-100, -199, 334,  1711553642.1343
-100, -214, 349,  1711553642.1352
-100, -228, 363,  1711553642.1351
-100, -246, 381,  1711553642.1347
-100, -260, 395,  1711553642.1355
-100, -276, 411,  1711553642.1366
-100, -288, 423,  1711553642.1366
-100, -303, 438,  1711553642.1366
-100, -318, 453,  1711553642.1356
-100, -332, 467,  1711553642.1356
-100, -348, 483,  1711553642.1357
-100, -362, 497,  1711553642.1366
-100, -377, 512,  1711553642.1366
-100, -390, 525,  1711553642.1359
-100, -404, 539,  1711553642.1353
-100, -419, 554,  1711553642.1356
-100, -434, 569,  1711553642.1358
-100, -449, 584,  1711553642.1366
-100, -464, 599,  1711553642.1366
-100, -476, 611,  1711553642.1362
-100, -491, 626,  1711553642.1355
-100, -506, 641,  1711553642.1356
-100, -521, 656,  1711553642.1358
-100, -536, 671,  1711553642.1368
-100, -550, 685,  1711553642.1366
-100, -563, 698,  1711553642.1364
-100, -578, 713,  1711553642.1355
-100, -593, 728,  1711553642.1355
-100, -608, 743,  1711553642.1357
-100, -622, 757,  1711553642.1368
-100, -638, 773,  1711553642.1366
-100, -650, 785,  1711553642.1364
-100, -665, 800,  1711553642.1352
-100, -680, 815,  1711553642.1356
-100, -694, 829,  1711553642.1343
-100, -710, 845,  1711553642.1368
-100, -724, 859,  1711553642.1366
-100, -737, 872,  1711553642.1355
-100, -754, 889,  1711553642.1353
-100, -769, 904,  1711553642.1349
-100, -784, 919,  1711553642.1366
-100, -799, 934,  1711553642.1366
-100, -812, 947,  1711553642.1367
-100, -826, 961,  1711553642.1353
-100, -842, 977,  1711553642.1347
-100, -856, 991,  1711553642.1354
-100, -871, 1006,  1711553642.1366
-100, -884, 1019,  1711553642.1365
-100, -901, 1036,  1711553642.1359
-100, -914, 1049,  1711553642.1364
-100, -928, 1063,  1711553642.1356
-100, -943, 1078,  1711553642.1358
-100, -958, 1093,  1711553642.1366
-100, -973, 1108,  1711553642.1366
-100, -986, 1121,  1711553642.1362
-100, -1000, 1135,  1711553642.1355
-100, -1016, 1151,  1711553642.1355
-100, -1030, 1165,  1711553642.1357
-100, -1045, 1180,  1711553642.1368
-100, -1060, 1195,  1711553642.1366
-100, -1072, 1207,  1711553642.1364
-100, -1088, 1223,  1711553642.1356
-100, -1102, 1237,  1711553642.1356
-100, -1117, 1252,  1711553642.1357
-100, -1140, 1275,  1711553642.1328
-100, -1152, 1287,  1711553642.1345
-100, -1167, 1302,  1711553642.1355
-100, -1182, 1317,  1711553642.1365
-100, -1196, 1331,  1711553642.1366
-100, -1209, 1344,  1711553642.1365
-100, -1224, 1359,  1711553642.1355
-100, -1239, 1374,  1711553642.1356
-100, -1254, 1389,  1711553642.1357
-100, -1268, 1403,  1711553642.1366
-100, -1284, 1419,  1711553642.1355
-100, -1296, 1431,  1711553642.1364
-100, -1311, 1446,  1711553642.1352
-100, -1326, 1461,  1711553642.1356
-100, -1343, 1478,  1711553642.1358
-100, -1356, 1491,  1711553642.1366
-100, -1370, 1505,  1711553642.1366
-100, -1383, 1518,  1711553642.1364
-100, -1398, 1533,  1711553642.1356
-100, -1412, 1547,  1711553642.1355
-100, -1428, 1563,  1711553642.1358
-100, -1442, 1577,  1711553642.1368
-100, -1457, 1592,  1711553642.1366
-100, -1470, 1605,  1711553642.1362
-100, -1484, 1619,  1711553642.1352
-100, -1500, 1635,  1711553642.1356
-100, -1514, 1649,  1711553642.1357
-100, -1529, 1664,  1711553642.1366
-100, -1544, 1679,  1711553642.1366
-100, -1556, 1691,  1711553642.1362
-100, -1572, 1707,  1711553642.1355
-100, -1586, 1721,  1711553642.1356
-100, -1601, 1736,  1711553642.1357
-100, -1616, 1751,  1711553642.1366
-100, -1631, 1766,  1711553642.1366
-100, -1644, 1779,  1711553642.1364
-100, -1659, 1794,  1711553642.1348
-100, -1674, 1809,  1711553642.1356
-100, -1688, 1823,  1711553642.1357
-100, -1704, 1839,  1711553642.1366
-100, -1718, 1853,  1711553642.1366
-100, -1731, 1866,  1711553642.1366
-100, -1746, 1881,  1711553642.1354
-100, -1761, 1896,  1711553642.1355
-100, -1776, 1911,  1711553642.1357
-100, -1791, 1926,  1711553642.136
-100, -1806, 1941,  1711553642.1366
-100, -1818, 1953,  1711553642.1367
-100, -1833, 1968,  1711553642.1354
-100, -1848, 1983,  1711553642.1356
-100, -1863, 1998,  1711553642.135
-100, -1878, 2013,  1711553642.1368
-100, -1893, 2028,  1711553642.1366
-100, -1908, 2043,  1711553642.1346
-100, -1923, 2058,  1711553642.1353
-100, -1938, 2073,  1711553642.1355
-100, -1953, 2088,  1711553642.1366
-100, -1966, 2101,  1711553642.1366
-100, -1980, 2115,  1711553642.1366
-100, -1996, 2131,  1711553642.1355
-100, -2016, 2151,  1711553642.1365
-100, -2030, 2165,  1711553642.1366
-100, -2045, 2180,  1711553642.1349
-100, -2060, 2195,  1711553642.1353
-100, -2075, 2210,  1711553642.1355
-30.62500000000523, -2090, 2225,  1711553642.1365
85.17499999999472, -2104, 2239,  1711553642.1365
100, -2116, 2251,  1711553642.1367
100, -2129, 2264,  1711553642.1356
100, -2140, 2275,  1711553642.1354
100, -2150, 2285,  1711553642.1357
100, -2160, 2295,  1711553642.1369
100, -2168, 2303,  1711553642.1366
100, -2174, 2309,  1711553642.1364
100, -2180, 2315,  1711553642.1356
100, -2186, 2321,  1711553642.1355
100, -2190, 2325,  1711553642.1358
100, -2194, 2329,  1711553642.1368
100, -2196, 2331,  1711553642.1367
100, -2198, 2333,  1711553642.1364
100, -2198, 2333,  1711553642.1352
100, -2198, 2333,  1711553642.1356
100, -2198, 2333,  1711553642.1357
100, -2196, 2331,  1711553642.1367
100, -2194, 2329,  1711553642.1366
100, -2191, 2326,  1711553642.1362
100, -2187, 2322,  1711553642.1359
100, -2182, 2317,  1711553642.1356
100, -2177, 2312,  1711553642.1353
100, -2172, 2307,  1711553642.1368
100, -2165, 2300,  1711553642.1366
100, -2159, 2294,  1711553642.1362
100, -2151, 2286,  1711553642.1354
100, -2142, 2277,  1711553642.1356
100, -2130, 2265,  1711553642.1367
100, -2120, 2255,  1711553642.1361
100, -2110, 2245,  1711553642.1336
100, -2096, 2231,  1711553642.1366
100, -2087, 2222,  1711553642.1365
100, -2075, 2210,  1711553642.1367
100, -2062, 2197,  1711553642.1351
100, -2050, 2185,  1711553642.1356
100, -2036, 2171,  1711553642.1358
100, -2023, 2158,  1711553642.1366
100, -2010, 2145,  1711553642.1366
100, -1998, 2133,  1711553642.1367
100, -1982, 2117,  1711553642.1355
100, -1968, 2103,  1711553642.1357
100, -1954, 2089,  1711553642.1352
100, -1939, 2074,  1711553642.1352
100, -1922, 2057,  1711553642.1329
100, -1904, 2039,  1711553642.1339
100, -1892, 2027,  1711553642.1352
100, -1878, 2013,  1711553642.1352
100, -1855, 1990,  1711553642.1316
100, -1842, 1977,  1711553642.1358
100, -1830, 1965,  1711553642.1366
100, -1814, 1949,  1711553642.1366
100, -1802, 1937,  1711553642.1321
100, -1786, 1921,  1711553642.1353
100, -1771, 1906,  1711553642.1355
